--
-- PostgreSQL database dump
--

-- Dumped from database version 15.3
-- Dumped by pg_dump version 15.3

-- Started on 2023-06-25 13:03:48

SET statement_timeout = 0;
SET lock_timeout = 0;
SET idle_in_transaction_session_timeout = 0;
SET client_encoding = 'UTF8';
SET standard_conforming_strings = on;
SELECT pg_catalog.set_config('search_path', '', false);
SET check_function_bodies = false;
SET xmloption = content;
SET client_min_messages = warning;
SET row_security = off;

--
-- TOC entry 3377 (class 0 OID 16610)
-- Dependencies: 214
-- Data for Name: accounts; Type: TABLE DATA; Schema: public; Owner: postgres
--

TRUNCATE public.accounts CASCADE;
TRUNCATE public.words CASCADE;
TRUNCATE public.quotes CASCADE;
TRUNCATE public.word_synonyms CASCADE;
TRUNCATE public.word_antonyms CASCADE;
TRUNCATE public.word_descriptions CASCADE;
TRUNCATE public.word_sentences CASCADE;
TRUNCATE public.learned_words CASCADE;
TRUNCATE public.confirmations CASCADE;
TRUNCATE public.quizzes CASCADE;

-- test@gmail.com / test123
INSERT INTO public.accounts (id, confirmed, email, password, role, username) VALUES ('845d0b58-74fc-46b9-915e-b5d370a479e3', false, 'test@gmail.com', '$2a$10$8EiTa1iVodDhOZF9j8YxZunSG2hUC0nhczgoJlnEvUxqlIoMP8nGG', 'USER', 'test');

--
-- TOC entry 3386 (class 0 OID 16665)
-- Dependencies: 223
-- Data for Name: words; Type: TABLE DATA; Schema: public; Owner: postgres
--

INSERT INTO public.words (id, difficulty, kind, title) VALUES ('febd3eaa-5564-4740-8d98-6c957587cf47', 'medium', 'verb', 'contend');
INSERT INTO public.words (id, difficulty, kind, title) VALUES ('d2584b62-8d35-42cd-b7d9-0ac2d558f65a', 'medium', 'adjective', 'perpetual');
INSERT INTO public.words (id, difficulty, kind, title) VALUES ('94fb8ea7-2cb2-4262-bbfc-5ba76736038f', 'medium', 'noun', 'accolade');
INSERT INTO public.words (id, difficulty, kind, title) VALUES ('cfc07696-bbc2-481a-a809-01a96cd34935', 'medium', 'adjective', 'amicable');
INSERT INTO public.words (id, difficulty, kind, title) VALUES ('289ee1a2-6f03-4b80-854d-37b75f417dc0', 'medium', 'verb', 'refrain');
INSERT INTO public.words (id, difficulty, kind, title) VALUES ('3d835b28-1231-457a-8a64-2cda90a5f37c', 'medium', 'adjective', 'imminent');
INSERT INTO public.words (id, difficulty, kind, title) VALUES ('6866972a-657a-40af-b85a-bb6da486b3b3', 'medium', 'verb', 'perpetuate');
INSERT INTO public.words (id, difficulty, kind, title) VALUES ('943230f8-d377-4b0b-8c04-5f0339b3a2cb', 'medium', 'verb', 'coddle');
INSERT INTO public.words (id, difficulty, kind, title) VALUES ('f9d15829-2995-44b8-baee-e22880fedd91', 'medium', 'adjective', 'pernicious');
INSERT INTO public.words (id, difficulty, kind, title) VALUES ('33a9b071-2b75-4e87-b630-c4d62810863c', 'medium', 'verb', 'bleach');
INSERT INTO public.words (id, difficulty, kind, title) VALUES ('6e1edbbf-24de-4276-bde7-a1338f828fd6', 'medium', 'verb', 'abhor');
INSERT INTO public.words (id, difficulty, kind, title) VALUES ('e24fe190-66c4-4923-ac4b-2e98d95e36e4', 'medium', 'verb', 'subvert');
INSERT INTO public.words (id, difficulty, kind, title) VALUES ('acebb5cf-48d3-44fc-8199-bb8044d061b2', 'medium', 'adjective', 'amiable');
INSERT INTO public.words (id, difficulty, kind, title) VALUES ('2e890c4d-e3ef-4342-a623-872047fa1865', 'medium', 'verb', 'distill');
INSERT INTO public.words (id, difficulty, kind, title) VALUES ('acb2f9cc-e711-4f60-af46-a9d3ce1b8014', 'medium', 'verb', 'extol');
INSERT INTO public.words (id, difficulty, kind, title) VALUES ('987a58bf-3c20-4507-a781-eec26cff4f01', 'medium', 'noun', 'combustion');
INSERT INTO public.words (id, difficulty, kind, title) VALUES ('316efa33-872e-4623-9f2e-df78062241fd', 'medium', 'adjective', 'unary');
INSERT INTO public.words (id, difficulty, kind, title) VALUES ('0dca143e-8982-40af-bd4f-64e3cd0fca63', 'medium', 'verb', 'digress');
INSERT INTO public.words (id, difficulty, kind, title) VALUES ('d9ef9cb7-31e9-4628-bc62-c1b9778778c2', 'medium', 'verb', 'divert');
INSERT INTO public.words (id, difficulty, kind, title) VALUES ('71366083-b515-4ac8-ba69-116911fcada7', 'medium', 'noun', 'strand');
INSERT INTO public.words (id, difficulty, kind, title) VALUES ('084036ee-4f42-4204-902a-fda4c5d41c91', 'medium', 'adjective', 'transient');
INSERT INTO public.words (id, difficulty, kind, title) VALUES ('ee557660-2f69-41e5-ad9b-dd4d9df7591b', 'medium', 'verb', 'chide');
INSERT INTO public.words (id, difficulty, kind, title) VALUES ('34f2aa4b-1ec7-4c07-bb2b-d16a87fac240', 'medium', 'verb', 'tinker');
INSERT INTO public.words (id, difficulty, kind, title) VALUES ('b0e8bac4-c7c1-4388-9c16-9f9b84dec659', 'medium', 'noun', 'repugnance');
INSERT INTO public.words (id, difficulty, kind, title) VALUES ('03a0bc9a-c7cd-4135-9f91-174495842c37', 'medium', 'adjective', 'expedient');
INSERT INTO public.words (id, difficulty, kind, title) VALUES ('476d3e0b-e79f-456e-b601-25441b787659', 'medium', 'verb', 'coalesce');
INSERT INTO public.words (id, difficulty, kind, title) VALUES ('974d1246-7159-4b4e-acef-3d715c5b4235', 'medium', 'noun', 'clamor');
INSERT INTO public.words (id, difficulty, kind, title) VALUES ('4848716e-bdcb-457d-a5e9-8a6c4527f1fc', 'medium', 'adjective', 'sublime');
INSERT INTO public.words (id, difficulty, kind, title) VALUES ('22b9ea85-49a9-4da4-8861-98c3d7604c96', 'medium', 'adjective', 'profound');
INSERT INTO public.words (id, difficulty, kind, title) VALUES ('dfd48a8d-b268-4101-a378-de9414367622', 'medium', 'noun', 'rear');
INSERT INTO public.words (id, difficulty, kind, title) VALUES ('75ed7c46-7355-4c45-a012-bfce4c2c5f1d', 'medium', 'noun', 'discretion');
INSERT INTO public.words (id, difficulty, kind, title) VALUES ('1c53242a-5232-4387-b151-c851f3d9969f', 'medium', 'noun', 'combustion');
INSERT INTO public.words (id, difficulty, kind, title) VALUES ('8288696d-b528-42e4-b838-67581d2e7121', 'medium', 'verb', 'demystify');
INSERT INTO public.words (id, difficulty, kind, title) VALUES ('9938b09a-b46c-4e10-bbda-0127c92350da', 'medium', 'adjective', 'impudent');
INSERT INTO public.words (id, difficulty, kind, title) VALUES ('ed61669f-3f4b-4e8f-915e-a791efe85ff1', 'medium', 'noun', 'asylum');
INSERT INTO public.words (id, difficulty, kind, title) VALUES ('8c0596ec-e800-4865-8541-25a594f8db9f', 'medium', 'noune', 'confine');
INSERT INTO public.words (id, difficulty, kind, title) VALUES ('8b4c1639-1213-49ee-ba3f-b81d2fcebe95', 'medium', 'verb', 'tamper');
INSERT INTO public.words (id, difficulty, kind, title) VALUES ('f61d8598-6a3e-4957-a7fa-e9ea17344ab3', 'medium', 'adjective', 'tempting');
INSERT INTO public.words (id, difficulty, kind, title) VALUES ('1923b62b-38b7-4557-a9d5-4dfa346725f8', 'medium', 'verb', 'forsake');
INSERT INTO public.words (id, difficulty, kind, title) VALUES ('a8a53ea3-21f2-44bf-8ef0-8a53a9ba9dc0', 'medium', 'noun', 'deed');
INSERT INTO public.words (id, difficulty, kind, title) VALUES ('04439f1a-7f9b-4bf8-b783-ad4727dded06', 'medium', 'adjective', 'poignant');
INSERT INTO public.words (id, difficulty, kind, title) VALUES ('5db1ee1b-43e0-4b96-bb10-3f130439c6a9', 'medium', 'verb', 'resonate');
INSERT INTO public.words (id, difficulty, kind, title) VALUES ('496ffa5e-55e2-4836-bc92-bd2b86215638', 'medium', 'verb', 'divulge');
INSERT INTO public.words (id, difficulty, kind, title) VALUES ('f1d3a83b-78af-42cb-ac63-dfc34cb737b6', 'medium', 'verb', 'agitate');
INSERT INTO public.words (id, difficulty, kind, title) VALUES ('e22273fb-23ae-4cc6-8327-4bbd29d1fa65', 'medium', 'verb', 'ponder');
INSERT INTO public.words (id, difficulty, kind, title) VALUES ('3c953a0c-3e3d-486f-8979-1ff3b0965ce1', 'medium', 'adjective', 'superfluous');
INSERT INTO public.words (id, difficulty, kind, title) VALUES ('3552979c-f9fa-473a-83d5-f388a5deadef', 'medium', 'adjective', 'budding');
INSERT INTO public.words (id, difficulty, kind, title) VALUES ('26b59c3f-f7b0-4429-bb71-10c6593fce89', 'medium', 'verb', 'bruit');
INSERT INTO public.words (id, difficulty, kind, title) VALUES ('4b6aa1ec-1298-416d-8c1f-cc4813a237b8', 'medium', 'adjective', 'blatant');
INSERT INTO public.words (id, difficulty, kind, title) VALUES ('891c3316-8b90-4b16-92ac-ef25a9700323', 'medium', 'verb', 'indict');
INSERT INTO public.words (id, difficulty, kind, title) VALUES ('ca523e1d-1c77-4cde-b585-f8f05eaaad38', 'medium', 'noun', 'throes');
INSERT INTO public.words (id, difficulty, kind, title) VALUES ('e3a07a46-4ddf-44d4-a582-26f87eaac9aa', 'medium', 'noun', 'omnipotence');
INSERT INTO public.words (id, difficulty, kind, title) VALUES ('8489e353-b834-4461-83e8-88baee167ec4', 'medium', 'verb', 'reconcile');
INSERT INTO public.words (id, difficulty, kind, title) VALUES ('4dc02076-1ce8-40ce-8a55-7f4250271bc4', 'medium', 'adjective', 'nominal');
INSERT INTO public.words (id, difficulty, kind, title) VALUES ('88ef1792-5446-487e-96f6-20406d9c9029', 'medium', 'adjective', 'forlorn');
INSERT INTO public.words (id, difficulty, kind, title) VALUES ('71747417-ea91-4796-a3aa-e74ac64ace23', 'medium', 'noun', 'infamy');
INSERT INTO public.words (id, difficulty, kind, title) VALUES ('492e060c-9aa4-4495-9e61-7604396cc3a0', 'medium', 'noun', 'alacrity');
INSERT INTO public.words (id, difficulty, kind, title) VALUES ('fe58474c-bae6-4082-bed0-bd08720be1f2', 'medium', 'noun', 'varnish');
INSERT INTO public.words (id, difficulty, kind, title) VALUES ('bda5fb6c-ff7d-415f-82c6-5454fc006a83', 'medium', 'noun', 'premise');
INSERT INTO public.words (id, difficulty, kind, title) VALUES ('25f2a9db-982a-4015-ac0f-27a3bb67048f', 'medium', 'verb', 'hinder');
INSERT INTO public.words (id, difficulty, kind, title) VALUES ('c8e06366-f076-4778-881f-bec5d3e53127', 'medium', 'verb', 'exalt');
INSERT INTO public.words (id, difficulty, kind, title) VALUES ('22e71fef-c4be-49d3-a5a8-ce72d1891f1f', 'medium', 'adjective', 'recondite');
INSERT INTO public.words (id, difficulty, kind, title) VALUES ('3c645c59-1764-46fc-97b8-39943d6adac9', 'medium', 'verb', 'entangle');
INSERT INTO public.words (id, difficulty, kind, title) VALUES ('3d81b6f5-9d85-4574-829c-0f1b4437b76b', 'medium', 'noun', 'prospect');
INSERT INTO public.words (id, difficulty, kind, title) VALUES ('7b860f3a-4f78-4467-ab84-952cbd41c997', 'medium', 'verb', 'feign');
INSERT INTO public.words (id, difficulty, kind, title) VALUES ('cc0b16f1-021b-42ac-8835-20c88196c0ad', 'medium', 'verb', 'convey');
INSERT INTO public.words (id, difficulty, kind, title) VALUES ('365d617b-1558-45b1-adcc-161df52d274f', 'medium', 'noun', 'ordeal');
INSERT INTO public.words (id, difficulty, kind, title) VALUES ('02e6f83b-bae0-4916-b15d-7c36f52ad1a0', 'medium', 'verb', 'pertain');
INSERT INTO public.words (id, difficulty, kind, title) VALUES ('987d1f40-2602-43dd-bd70-7b2c637fc09e', 'medium', 'noun', 'seam');
INSERT INTO public.words (id, difficulty, kind, title) VALUES ('853937c8-a734-4fc7-a3ef-b41114cb700b', 'medium', 'noun', 'leverage');
INSERT INTO public.words (id, difficulty, kind, title) VALUES ('42d1918a-52e5-4fa2-966f-d64f7a96ce87', 'medium', 'adjective', 'degenerate');
INSERT INTO public.words (id, difficulty, kind, title) VALUES ('7662bb8b-95b7-4c19-9ccf-ad3f6089a17e', 'medium', 'adjective', 'confidential');
INSERT INTO public.words (id, difficulty, kind, title) VALUES ('30dbdfa5-47bf-4ba3-b612-b70edcdca547', 'medium', 'adjective', 'subsidiary');
INSERT INTO public.words (id, difficulty, kind, title) VALUES ('4545b40a-f38d-462c-993f-c3166f177586', 'medium', 'adverb', 'asunder');
INSERT INTO public.words (id, difficulty, kind, title) VALUES ('27167d6a-0e8d-480e-9e92-548b052d79fe', 'medium', 'noune', 'demise');
INSERT INTO public.words (id, difficulty, kind, title) VALUES ('74a52231-0363-4786-a2a9-f9d4e18bcc1e', 'medium', 'adjective', 'callous');
INSERT INTO public.words (id, difficulty, kind, title) VALUES ('6ae6bdf5-6653-48e6-b11d-58bc7bf934bb', 'medium', 'verb', 'debase');
INSERT INTO public.words (id, difficulty, kind, title) VALUES ('0a73a9be-0202-4b09-822e-d8feaaa90787', 'medium', 'adjective', 'venerable');
INSERT INTO public.words (id, difficulty, kind, title) VALUES ('ca6cd98d-d8f2-4c33-80e7-3b9084f00600', 'medium', 'adjective', 'unscathed');
INSERT INTO public.words (id, difficulty, kind, title) VALUES ('3c6b0a51-55be-48e7-bf11-33a45ee0bc88', 'medium', 'verb', 'frown');
INSERT INTO public.words (id, difficulty, kind, title) VALUES ('6c613b4a-d6a4-4b6e-aa65-98790347f901', 'medium', 'verb', 'occlude');
INSERT INTO public.words (id, difficulty, kind, title) VALUES ('bb2efe7b-3b69-4cfb-a9b9-e3b7ba92c85d', 'medium', 'adjective', 'gullible');
INSERT INTO public.words (id, difficulty, kind, title) VALUES ('833f82a4-e3f5-47e3-b80e-f27ffc07aaef', 'medium', 'verb', 'preempt');
INSERT INTO public.words (id, difficulty, kind, title) VALUES ('4fde5db4-864f-4035-86c0-41fecf525196', 'medium', 'verb', 'elongate');
INSERT INTO public.words (id, difficulty, kind, title) VALUES ('988faa4a-9f5e-4308-b053-75131d130e98', 'medium', 'verb', 'relinquish');
INSERT INTO public.words (id, difficulty, kind, title) VALUES ('e5c16ad5-239b-45d3-aa06-a757cbe32280', 'medium', 'adjective', 'bound');
INSERT INTO public.words (id, difficulty, kind, title) VALUES ('2c24e3f5-4331-48b9-a673-5ba0ffb76e18', 'medium', 'noun', 'behest');
INSERT INTO public.words (id, difficulty, kind, title) VALUES ('75d3b2dd-1a0e-4e25-a31e-da7366ee438d', 'medium', 'verb', 'debilitate');
INSERT INTO public.words (id, difficulty, kind, title) VALUES ('65e88d9b-e1f2-4511-85c2-56777bfa6b84', 'medium', 'noun', 'caveat');
INSERT INTO public.words (id, difficulty, kind, title) VALUES ('4c67b28e-6c56-4ff7-9997-a21f09648d21', 'medium', 'verb', 'retain');
INSERT INTO public.words (id, difficulty, kind, title) VALUES ('81a659e0-6ab1-4aee-8827-f79b41bb5f39', 'medium', 'noun', 'matrimony');
INSERT INTO public.words (id, difficulty, kind, title) VALUES ('5b0bce95-acde-4650-8166-eeb17d1e9da2', 'medium', 'adjective', 'submissive');
INSERT INTO public.words (id, difficulty, kind, title) VALUES ('6b96acd8-45f8-458b-8dd0-c84c17f8a7a1', 'medium', 'verb', 'proclaim');
INSERT INTO public.words (id, difficulty, kind, title) VALUES ('86528a08-88b7-4e04-adf9-65aeadfb2c9a', 'medium', 'adjective', 'imperious');
INSERT INTO public.words (id, difficulty, kind, title) VALUES ('4017d565-14b5-46f5-9d36-e43d23b458cc', 'medium', 'adjective', 'bewildering');
INSERT INTO public.words (id, difficulty, kind, title) VALUES ('c29a9b26-5235-4093-a1f7-821b7735a0ff', 'medium', 'verb', 'scribble');
INSERT INTO public.words (id, difficulty, kind, title) VALUES ('73d8c390-cff8-4c0a-858a-1c1867a5b0f1', 'medium', 'adjective', 'aberrant');
INSERT INTO public.words (id, difficulty, kind, title) VALUES ('9c6c393d-2ffc-45c7-9e24-3fde1f7ff20b', 'medium', 'verb', 'rejoice');
INSERT INTO public.words (id, difficulty, kind, title) VALUES ('26f75a63-940b-49d1-ba91-b05ebaea5b98', 'medium', 'noun', 'consternation');
INSERT INTO public.words (id, difficulty, kind, title) VALUES ('4e862e08-804e-40fb-bed9-7c4f5b0e475e', 'medium', 'verb', 'interrogate');
INSERT INTO public.words (id, difficulty, kind, title) VALUES ('34d63f7e-06ce-41a6-925b-f4c9a8d5d26f', 'medium', 'verb', 'bicker');

--
-- TOC entry 3381 (class 0 OID 16638)
-- Dependencies: 218
-- Data for Name: quotes; Type: TABLE DATA; Schema: public; Owner: postgres
--

INSERT INTO public.quotes (id, author, difficulty, quote) VALUES ('febd3eaf-4564-4740-8d98-6c957587cf47', 'Annie Dillard', 'medium', 'How we spend our days is, of course, how we spend our lives.');
INSERT INTO public.quotes (id, author, difficulty, quote) VALUES ('h2584b62-8d35-42cd-b7d9-0ac2d558f65a', 'J.K. Rowling', 'easy', 'It is our choices, Harry, that show what we truly are, far more than our abilities.');
INSERT INTO public.quotes (id, author, difficulty, quote) VALUES ('d2184n7d-9d15-d2hv-yj71-1w8n42sqs6nr', 'J.K. Rowling', 'hard', 'It is impossible to live without failing at something, unless you live so cautiously that you might as well not have lived at all - in which case, you fail by default.');

--
-- TOC entry 3382 (class 0 OID 16645)
-- Dependencies: 219
-- Data for Name: word_antonyms; Type: TABLE DATA; Schema: public; Owner: postgres
--

INSERT INTO public.word_antonyms (word_id, antonyms) VALUES ('febd3eaa-5564-4740-8d98-6c957587cf47', '');
INSERT INTO public.word_antonyms (word_id, antonyms) VALUES ('d2584b62-8d35-42cd-b7d9-0ac2d558f65a', '');
INSERT INTO public.word_antonyms (word_id, antonyms) VALUES ('94fb8ea7-2cb2-4262-bbfc-5ba76736038f', '');
INSERT INTO public.word_antonyms (word_id, antonyms) VALUES ('cfc07696-bbc2-481a-a809-01a96cd34935', 'disagreeable');
INSERT INTO public.word_antonyms (word_id, antonyms) VALUES ('cfc07696-bbc2-481a-a809-01a96cd34935', 'impolite');
INSERT INTO public.word_antonyms (word_id, antonyms) VALUES ('cfc07696-bbc2-481a-a809-01a96cd34935', 'rude');
INSERT INTO public.word_antonyms (word_id, antonyms) VALUES ('cfc07696-bbc2-481a-a809-01a96cd34935', 'uncivil');
INSERT INTO public.word_antonyms (word_id, antonyms) VALUES ('289ee1a2-6f03-4b80-854d-37b75f417dc0', 'carry on');
INSERT INTO public.word_antonyms (word_id, antonyms) VALUES ('289ee1a2-6f03-4b80-854d-37b75f417dc0', 'contiune');
INSERT INTO public.word_antonyms (word_id, antonyms) VALUES ('289ee1a2-6f03-4b80-854d-37b75f417dc0', 'aid');
INSERT INTO public.word_antonyms (word_id, antonyms) VALUES ('289ee1a2-6f03-4b80-854d-37b75f417dc0', 'allow');
INSERT INTO public.word_antonyms (word_id, antonyms) VALUES ('3d835b28-1231-457a-8a64-2cda90a5f37c', '');
INSERT INTO public.word_antonyms (word_id, antonyms) VALUES ('6866972a-657a-40af-b85a-bb6da486b3b3', '');
INSERT INTO public.word_antonyms (word_id, antonyms) VALUES ('943230f8-d377-4b0b-8c04-5f0339b3a2cb', 'ignore');
INSERT INTO public.word_antonyms (word_id, antonyms) VALUES ('943230f8-d377-4b0b-8c04-5f0339b3a2cb', 'neglect');
INSERT INTO public.word_antonyms (word_id, antonyms) VALUES ('f9d15829-2995-44b8-baee-e22880fedd91', 'advantageous');
INSERT INTO public.word_antonyms (word_id, antonyms) VALUES ('f9d15829-2995-44b8-baee-e22880fedd91', 'assisting');
INSERT INTO public.word_antonyms (word_id, antonyms) VALUES ('f9d15829-2995-44b8-baee-e22880fedd91', 'beneficial');
INSERT INTO public.word_antonyms (word_id, antonyms) VALUES ('f9d15829-2995-44b8-baee-e22880fedd91', 'benevolent');
INSERT INTO public.word_antonyms (word_id, antonyms) VALUES ('f9d15829-2995-44b8-baee-e22880fedd91', 'healthy');
INSERT INTO public.word_antonyms (word_id, antonyms) VALUES ('f9d15829-2995-44b8-baee-e22880fedd91', 'helpful');
INSERT INTO public.word_antonyms (word_id, antonyms) VALUES ('33a9b071-2b75-4e87-b630-c4d62810863c', 'darken');
INSERT INTO public.word_antonyms (word_id, antonyms) VALUES ('33a9b071-2b75-4e87-b630-c4d62810863c', 'deepen');
INSERT INTO public.word_antonyms (word_id, antonyms) VALUES ('acebb5cf-48d3-44fc-8199-bb8044d061b2', 'disagreeable');
INSERT INTO public.word_antonyms (word_id, antonyms) VALUES ('acebb5cf-48d3-44fc-8199-bb8044d061b2', 'ill-natured');
INSERT INTO public.word_antonyms (word_id, antonyms) VALUES ('acebb5cf-48d3-44fc-8199-bb8044d061b2', 'unamiable');
INSERT INTO public.word_antonyms (word_id, antonyms) VALUES ('acebb5cf-48d3-44fc-8199-bb8044d061b2', 'unpleasant');
INSERT INTO public.word_antonyms (word_id, antonyms) VALUES ('2e890c4d-e3ef-4342-a623-872047fa1865', 'dirty');
INSERT INTO public.word_antonyms (word_id, antonyms) VALUES ('2e890c4d-e3ef-4342-a623-872047fa1865', 'pour');
INSERT INTO public.word_antonyms (word_id, antonyms) VALUES ('2e890c4d-e3ef-4342-a623-872047fa1865', 'pollute');
INSERT INTO public.word_antonyms (word_id, antonyms) VALUES ('acb2f9cc-e711-4f60-af46-a9d3ce1b8014', 'blame');
INSERT INTO public.word_antonyms (word_id, antonyms) VALUES ('acb2f9cc-e711-4f60-af46-a9d3ce1b8014', 'censure');
INSERT INTO public.word_antonyms (word_id, antonyms) VALUES ('acb2f9cc-e711-4f60-af46-a9d3ce1b8014', 'condemn');
INSERT INTO public.word_antonyms (word_id, antonyms) VALUES ('987a58bf-3c20-4507-a781-eec26cff4f01', 'calm');
INSERT INTO public.word_antonyms (word_id, antonyms) VALUES ('987a58bf-3c20-4507-a781-eec26cff4f01', 'peace');
INSERT INTO public.word_antonyms (word_id, antonyms) VALUES ('0dca143e-8982-40af-bd4f-64e3cd0fca63', 'stay');
INSERT INTO public.word_antonyms (word_id, antonyms) VALUES ('0dca143e-8982-40af-bd4f-64e3cd0fca63', 'direct');
INSERT INTO public.word_antonyms (word_id, antonyms) VALUES ('0dca143e-8982-40af-bd4f-64e3cd0fca63', 'straight');
INSERT INTO public.word_antonyms (word_id, antonyms) VALUES ('d9ef9cb7-31e9-4628-bc62-c1b9778778c2', 'stay');
INSERT INTO public.word_antonyms (word_id, antonyms) VALUES ('d9ef9cb7-31e9-4628-bc62-c1b9778778c2', 'irritate');
INSERT INTO public.word_antonyms (word_id, antonyms) VALUES ('d9ef9cb7-31e9-4628-bc62-c1b9778778c2', 'maintain');
INSERT INTO public.word_antonyms (word_id, antonyms) VALUES ('d9ef9cb7-31e9-4628-bc62-c1b9778778c2', 'anger');
INSERT INTO public.word_antonyms (word_id, antonyms) VALUES ('d9ef9cb7-31e9-4628-bc62-c1b9778778c2', 'upset');
INSERT INTO public.word_antonyms (word_id, antonyms) VALUES ('084036ee-4f42-4204-902a-fda4c5d41c91', 'enduring');
INSERT INTO public.word_antonyms (word_id, antonyms) VALUES ('084036ee-4f42-4204-902a-fda4c5d41c91', 'lasting');
INSERT INTO public.word_antonyms (word_id, antonyms) VALUES ('084036ee-4f42-4204-902a-fda4c5d41c91', 'long');
INSERT INTO public.word_antonyms (word_id, antonyms) VALUES ('084036ee-4f42-4204-902a-fda4c5d41c91', 'perpetual');
INSERT INTO public.word_antonyms (word_id, antonyms) VALUES ('22b9ea85-49a9-4da4-8861-98c3d7604c96', 'shallow');
INSERT INTO public.word_antonyms (word_id, antonyms) VALUES ('22b9ea85-49a9-4da4-8861-98c3d7604c96', 'superficial');
INSERT INTO public.word_antonyms (word_id, antonyms) VALUES ('dfd48a8d-b268-4101-a378-de9414367622', 'face');
INSERT INTO public.word_antonyms (word_id, antonyms) VALUES ('dfd48a8d-b268-4101-a378-de9414367622', 'forehead');
INSERT INTO public.word_antonyms (word_id, antonyms) VALUES ('dfd48a8d-b268-4101-a378-de9414367622', 'front');
INSERT INTO public.word_antonyms (word_id, antonyms) VALUES ('75ed7c46-7355-4c45-a012-bfce4c2c5f1d', 'carelessness');
INSERT INTO public.word_antonyms (word_id, antonyms) VALUES ('75ed7c46-7355-4c45-a012-bfce4c2c5f1d', 'disregard');
INSERT INTO public.word_antonyms (word_id, antonyms) VALUES ('75ed7c46-7355-4c45-a012-bfce4c2c5f1d', 'ignorance');
INSERT INTO public.word_antonyms (word_id, antonyms) VALUES ('75ed7c46-7355-4c45-a012-bfce4c2c5f1d', 'negligence');
INSERT INTO public.word_antonyms (word_id, antonyms) VALUES ('ed61669f-3f4b-4e8f-915e-a791efe85ff1', 'danger');
INSERT INTO public.word_antonyms (word_id, antonyms) VALUES ('8c0596ec-e800-4865-8541-25a594f8db9f', 'free');
INSERT INTO public.word_antonyms (word_id, antonyms) VALUES ('8c0596ec-e800-4865-8541-25a594f8db9f', 'liberate');
INSERT INTO public.word_antonyms (word_id, antonyms) VALUES ('8c0596ec-e800-4865-8541-25a594f8db9f', 'release');
INSERT INTO public.word_antonyms (word_id, antonyms) VALUES ('8c0596ec-e800-4865-8541-25a594f8db9f', 'ignore');
INSERT INTO public.word_antonyms (word_id, antonyms) VALUES ('8c0596ec-e800-4865-8541-25a594f8db9f', 'increase');
INSERT INTO public.word_antonyms (word_id, antonyms) VALUES ('f61d8598-6a3e-4957-a7fa-e9ea17344ab3', 'distasteful');
INSERT INTO public.word_antonyms (word_id, antonyms) VALUES ('f61d8598-6a3e-4957-a7fa-e9ea17344ab3', 'repellent');
INSERT INTO public.word_antonyms (word_id, antonyms) VALUES ('f61d8598-6a3e-4957-a7fa-e9ea17344ab3', 'repulsive');
INSERT INTO public.word_antonyms (word_id, antonyms) VALUES ('f61d8598-6a3e-4957-a7fa-e9ea17344ab3', 'unattractive');
INSERT INTO public.word_antonyms (word_id, antonyms) VALUES ('04439f1a-7f9b-4bf8-b783-ad4727dded06', 'unaffecting');
INSERT INTO public.word_antonyms (word_id, antonyms) VALUES ('04439f1a-7f9b-4bf8-b783-ad4727dded06', 'unemotional');
INSERT INTO public.word_antonyms (word_id, antonyms) VALUES ('04439f1a-7f9b-4bf8-b783-ad4727dded06', 'unimpressive');
INSERT INTO public.word_antonyms (word_id, antonyms) VALUES ('496ffa5e-55e2-4836-bc92-bd2b86215638', 'conceal');
INSERT INTO public.word_antonyms (word_id, antonyms) VALUES ('496ffa5e-55e2-4836-bc92-bd2b86215638', 'keep');
INSERT INTO public.word_antonyms (word_id, antonyms) VALUES ('496ffa5e-55e2-4836-bc92-bd2b86215638', 'protect');
INSERT INTO public.word_antonyms (word_id, antonyms) VALUES ('496ffa5e-55e2-4836-bc92-bd2b86215638', 'cover');
INSERT INTO public.word_antonyms (word_id, antonyms) VALUES ('496ffa5e-55e2-4836-bc92-bd2b86215638', 'hide');
INSERT INTO public.word_antonyms (word_id, antonyms) VALUES ('f1d3a83b-78af-42cb-ac63-dfc34cb737b6', 'calm');
INSERT INTO public.word_antonyms (word_id, antonyms) VALUES ('f1d3a83b-78af-42cb-ac63-dfc34cb737b6', 'not bother');
INSERT INTO public.word_antonyms (word_id, antonyms) VALUES ('f1d3a83b-78af-42cb-ac63-dfc34cb737b6', 'quiet');
INSERT INTO public.word_antonyms (word_id, antonyms) VALUES ('f1d3a83b-78af-42cb-ac63-dfc34cb737b6', 'soothe');
INSERT INTO public.word_antonyms (word_id, antonyms) VALUES ('3552979c-f9fa-473a-83d5-f388a5deadef', 'adult');
INSERT INTO public.word_antonyms (word_id, antonyms) VALUES ('3552979c-f9fa-473a-83d5-f388a5deadef', 'full-blown');
INSERT INTO public.word_antonyms (word_id, antonyms) VALUES ('3552979c-f9fa-473a-83d5-f388a5deadef', 'mature');
INSERT INTO public.word_antonyms (word_id, antonyms) VALUES ('891c3316-8b90-4b16-92ac-ef25a9700323', 'absolve');
INSERT INTO public.word_antonyms (word_id, antonyms) VALUES ('891c3316-8b90-4b16-92ac-ef25a9700323', 'clear');
INSERT INTO public.word_antonyms (word_id, antonyms) VALUES ('891c3316-8b90-4b16-92ac-ef25a9700323', 'vindicate');
INSERT INTO public.word_antonyms (word_id, antonyms) VALUES ('ca523e1d-1c77-4cde-b585-f8f05eaaad38', 'contentment');
INSERT INTO public.word_antonyms (word_id, antonyms) VALUES ('ca523e1d-1c77-4cde-b585-f8f05eaaad38', 'comfort');
INSERT INTO public.word_antonyms (word_id, antonyms) VALUES ('ca523e1d-1c77-4cde-b585-f8f05eaaad38', 'health');
INSERT INTO public.word_antonyms (word_id, antonyms) VALUES ('ca523e1d-1c77-4cde-b585-f8f05eaaad38', 'happiness');
INSERT INTO public.word_antonyms (word_id, antonyms) VALUES ('8489e353-b834-4461-83e8-88baee167ec4', 'disharmonize');
INSERT INTO public.word_antonyms (word_id, antonyms) VALUES ('71747417-ea91-4796-a3aa-e74ac64ace23', 'esteem');
INSERT INTO public.word_antonyms (word_id, antonyms) VALUES ('71747417-ea91-4796-a3aa-e74ac64ace23', 'honor');
INSERT INTO public.word_antonyms (word_id, antonyms) VALUES ('71747417-ea91-4796-a3aa-e74ac64ace23', 'respect');
INSERT INTO public.word_antonyms (word_id, antonyms) VALUES ('fe58474c-bae6-4082-bed0-bd08720be1f2', 'dull');
INSERT INTO public.word_antonyms (word_id, antonyms) VALUES ('fe58474c-bae6-4082-bed0-bd08720be1f2', 'strip');
INSERT INTO public.word_antonyms (word_id, antonyms) VALUES ('fe58474c-bae6-4082-bed0-bd08720be1f2', 'reveal');
INSERT INTO public.word_antonyms (word_id, antonyms) VALUES ('25f2a9db-982a-4015-ac0f-27a3bb67048f', 'help');
INSERT INTO public.word_antonyms (word_id, antonyms) VALUES ('25f2a9db-982a-4015-ac0f-27a3bb67048f', 'faciliate');
INSERT INTO public.word_antonyms (word_id, antonyms) VALUES ('25f2a9db-982a-4015-ac0f-27a3bb67048f', 'assist');
INSERT INTO public.word_antonyms (word_id, antonyms) VALUES ('c8e06366-f076-4778-881f-bec5d3e53127', 'degrade');
INSERT INTO public.word_antonyms (word_id, antonyms) VALUES ('c8e06366-f076-4778-881f-bec5d3e53127', 'humble');
INSERT INTO public.word_antonyms (word_id, antonyms) VALUES ('c8e06366-f076-4778-881f-bec5d3e53127', 'humiliate');
INSERT INTO public.word_antonyms (word_id, antonyms) VALUES ('3d81b6f5-9d85-4574-829c-0f1b4437b76b', 'impossibility');
INSERT INTO public.word_antonyms (word_id, antonyms) VALUES ('3d81b6f5-9d85-4574-829c-0f1b4437b76b', 'unlikelihood');
INSERT INTO public.word_antonyms (word_id, antonyms) VALUES ('7b860f3a-4f78-4467-ab84-952cbd41c997', 'be honest');
INSERT INTO public.word_antonyms (word_id, antonyms) VALUES ('7b860f3a-4f78-4467-ab84-952cbd41c997', 'tell the truth');
INSERT INTO public.word_antonyms (word_id, antonyms) VALUES ('7b860f3a-4f78-4467-ab84-952cbd41c997', 'be true');
INSERT INTO public.word_antonyms (word_id, antonyms) VALUES ('cc0b16f1-021b-42ac-8835-20c88196c0ad', 'receive');
INSERT INTO public.word_antonyms (word_id, antonyms) VALUES ('cc0b16f1-021b-42ac-8835-20c88196c0ad', 'take');
INSERT INTO public.word_antonyms (word_id, antonyms) VALUES ('cc0b16f1-021b-42ac-8835-20c88196c0ad', 'deny');
INSERT INTO public.word_antonyms (word_id, antonyms) VALUES ('cc0b16f1-021b-42ac-8835-20c88196c0ad', 'discourage');
INSERT INTO public.word_antonyms (word_id, antonyms) VALUES ('365d617b-1558-45b1-adcc-161df52d274f', 'comfort');
INSERT INTO public.word_antonyms (word_id, antonyms) VALUES ('365d617b-1558-45b1-adcc-161df52d274f', 'contentment');
INSERT INTO public.word_antonyms (word_id, antonyms) VALUES ('365d617b-1558-45b1-adcc-161df52d274f', 'happiness');
INSERT INTO public.word_antonyms (word_id, antonyms) VALUES ('365d617b-1558-45b1-adcc-161df52d274f', 'joy');
INSERT INTO public.word_antonyms (word_id, antonyms) VALUES ('365d617b-1558-45b1-adcc-161df52d274f', 'peace');
INSERT INTO public.word_antonyms (word_id, antonyms) VALUES ('02e6f83b-bae0-4916-b15d-7c36f52ad1a0', 'disconnect');
INSERT INTO public.word_antonyms (word_id, antonyms) VALUES ('02e6f83b-bae0-4916-b15d-7c36f52ad1a0', 'disjoin');
INSERT INTO public.word_antonyms (word_id, antonyms) VALUES ('02e6f83b-bae0-4916-b15d-7c36f52ad1a0', 'divide');
INSERT INTO public.word_antonyms (word_id, antonyms) VALUES ('02e6f83b-bae0-4916-b15d-7c36f52ad1a0', 'seperate');
INSERT INTO public.word_antonyms (word_id, antonyms) VALUES ('987d1f40-2602-43dd-bd70-7b2c637fc09e', 'opening');
INSERT INTO public.word_antonyms (word_id, antonyms) VALUES ('853937c8-a734-4fc7-a3ef-b41114cb700b', 'weakness');
INSERT INTO public.word_antonyms (word_id, antonyms) VALUES ('42d1918a-52e5-4fa2-966f-d64f7a96ce87', 'improve');
INSERT INTO public.word_antonyms (word_id, antonyms) VALUES ('42d1918a-52e5-4fa2-966f-d64f7a96ce87', 'meliorate');
INSERT INTO public.word_antonyms (word_id, antonyms) VALUES ('7662bb8b-95b7-4c19-9ccf-ad3f6089a17e', 'common');
INSERT INTO public.word_antonyms (word_id, antonyms) VALUES ('7662bb8b-95b7-4c19-9ccf-ad3f6089a17e', 'open');
INSERT INTO public.word_antonyms (word_id, antonyms) VALUES ('7662bb8b-95b7-4c19-9ccf-ad3f6089a17e', 'public');
INSERT INTO public.word_antonyms (word_id, antonyms) VALUES ('30dbdfa5-47bf-4ba3-b612-b70edcdca547', 'chief');
INSERT INTO public.word_antonyms (word_id, antonyms) VALUES ('30dbdfa5-47bf-4ba3-b612-b70edcdca547', 'major');
INSERT INTO public.word_antonyms (word_id, antonyms) VALUES ('30dbdfa5-47bf-4ba3-b612-b70edcdca547', 'main');
INSERT INTO public.word_antonyms (word_id, antonyms) VALUES ('30dbdfa5-47bf-4ba3-b612-b70edcdca547', 'necessary');
INSERT INTO public.word_antonyms (word_id, antonyms) VALUES ('27167d6a-0e8d-480e-9e92-548b052d79fe', 'birth');
INSERT INTO public.word_antonyms (word_id, antonyms) VALUES ('27167d6a-0e8d-480e-9e92-548b052d79fe', 'nativity');
INSERT INTO public.word_antonyms (word_id, antonyms) VALUES ('27167d6a-0e8d-480e-9e92-548b052d79fe', 'breathe');
INSERT INTO public.word_antonyms (word_id, antonyms) VALUES ('27167d6a-0e8d-480e-9e92-548b052d79fe', 'live');
INSERT INTO public.word_antonyms (word_id, antonyms) VALUES ('74a52231-0363-4786-a2a9-f9d4e18bcc1e', 'sensitive');
INSERT INTO public.word_antonyms (word_id, antonyms) VALUES ('74a52231-0363-4786-a2a9-f9d4e18bcc1e', 'tender');
INSERT INTO public.word_antonyms (word_id, antonyms) VALUES ('74a52231-0363-4786-a2a9-f9d4e18bcc1e', 'kindly');
INSERT INTO public.word_antonyms (word_id, antonyms) VALUES ('74a52231-0363-4786-a2a9-f9d4e18bcc1e', 'warm');
INSERT INTO public.word_antonyms (word_id, antonyms) VALUES ('0a73a9be-0202-4b09-822e-d8feaaa90787', 'common');
INSERT INTO public.word_antonyms (word_id, antonyms) VALUES ('0a73a9be-0202-4b09-822e-d8feaaa90787', 'unimpressive');
INSERT INTO public.word_antonyms (word_id, antonyms) VALUES ('0a73a9be-0202-4b09-822e-d8feaaa90787', 'unrespected');
INSERT INTO public.word_antonyms (word_id, antonyms) VALUES ('ca6cd98d-d8f2-4c33-80e7-3b9084f00600', 'hurt');
INSERT INTO public.word_antonyms (word_id, antonyms) VALUES ('ca6cd98d-d8f2-4c33-80e7-3b9084f00600', 'injured');
INSERT INTO public.word_antonyms (word_id, antonyms) VALUES ('3c6b0a51-55be-48e7-bf11-33a45ee0bc88', 'smile');
INSERT INTO public.word_antonyms (word_id, antonyms) VALUES ('3c6b0a51-55be-48e7-bf11-33a45ee0bc88', 'approve');
INSERT INTO public.word_antonyms (word_id, antonyms) VALUES ('3c6b0a51-55be-48e7-bf11-33a45ee0bc88', 'encourage');
INSERT INTO public.word_antonyms (word_id, antonyms) VALUES ('3c6b0a51-55be-48e7-bf11-33a45ee0bc88', 'condone');
INSERT INTO public.word_antonyms (word_id, antonyms) VALUES ('6c613b4a-d6a4-4b6e-aa65-98790347f901', 'advance');
INSERT INTO public.word_antonyms (word_id, antonyms) VALUES ('6c613b4a-d6a4-4b6e-aa65-98790347f901', 'aid');
INSERT INTO public.word_antonyms (word_id, antonyms) VALUES ('6c613b4a-d6a4-4b6e-aa65-98790347f901', 'assist');
INSERT INTO public.word_antonyms (word_id, antonyms) VALUES ('6c613b4a-d6a4-4b6e-aa65-98790347f901', 'clear');
INSERT INTO public.word_antonyms (word_id, antonyms) VALUES ('6c613b4a-d6a4-4b6e-aa65-98790347f901', 'encourage');
INSERT INTO public.word_antonyms (word_id, antonyms) VALUES ('bb2efe7b-3b69-4cfb-a9b9-e3b7ba92c85d', 'opposite');
INSERT INTO public.word_antonyms (word_id, antonyms) VALUES ('bb2efe7b-3b69-4cfb-a9b9-e3b7ba92c85d', 'reverse');
INSERT INTO public.word_antonyms (word_id, antonyms) VALUES ('988faa4a-9f5e-4308-b053-75131d130e98', 'allow');
INSERT INTO public.word_antonyms (word_id, antonyms) VALUES ('988faa4a-9f5e-4308-b053-75131d130e98', 'assert');
INSERT INTO public.word_antonyms (word_id, antonyms) VALUES ('988faa4a-9f5e-4308-b053-75131d130e98', 'claim');
INSERT INTO public.word_antonyms (word_id, antonyms) VALUES ('988faa4a-9f5e-4308-b053-75131d130e98', 'continue');
INSERT INTO public.word_antonyms (word_id, antonyms) VALUES ('e5c16ad5-239b-45d3-aa06-a757cbe32280', 'irresolute');
INSERT INTO public.word_antonyms (word_id, antonyms) VALUES ('e5c16ad5-239b-45d3-aa06-a757cbe32280', 'allowed');
INSERT INTO public.word_antonyms (word_id, antonyms) VALUES ('e5c16ad5-239b-45d3-aa06-a757cbe32280', 'permitted');
INSERT INTO public.word_antonyms (word_id, antonyms) VALUES ('e5c16ad5-239b-45d3-aa06-a757cbe32280', 'unbounded');
INSERT INTO public.word_antonyms (word_id, antonyms) VALUES ('e5c16ad5-239b-45d3-aa06-a757cbe32280', 'free');
INSERT INTO public.word_antonyms (word_id, antonyms) VALUES ('e5c16ad5-239b-45d3-aa06-a757cbe32280', 'unrestricted');
INSERT INTO public.word_antonyms (word_id, antonyms) VALUES ('75d3b2dd-1a0e-4e25-a31e-da7366ee438d', 'aid');
INSERT INTO public.word_antonyms (word_id, antonyms) VALUES ('75d3b2dd-1a0e-4e25-a31e-da7366ee438d', 'assist');
INSERT INTO public.word_antonyms (word_id, antonyms) VALUES ('75d3b2dd-1a0e-4e25-a31e-da7366ee438d', 'enable');
INSERT INTO public.word_antonyms (word_id, antonyms) VALUES ('75d3b2dd-1a0e-4e25-a31e-da7366ee438d', 'help');
INSERT INTO public.word_antonyms (word_id, antonyms) VALUES ('4c67b28e-6c56-4ff7-9997-a21f09648d21', 'abandon');
INSERT INTO public.word_antonyms (word_id, antonyms) VALUES ('4c67b28e-6c56-4ff7-9997-a21f09648d21', 'ignore');
INSERT INTO public.word_antonyms (word_id, antonyms) VALUES ('4c67b28e-6c56-4ff7-9997-a21f09648d21', 'lack');
INSERT INTO public.word_antonyms (word_id, antonyms) VALUES ('81a659e0-6ab1-4aee-8827-f79b41bb5f39', 'divorce');
INSERT INTO public.word_antonyms (word_id, antonyms) VALUES ('81a659e0-6ab1-4aee-8827-f79b41bb5f39', 'seperation');
INSERT INTO public.word_antonyms (word_id, antonyms) VALUES ('5b0bce95-acde-4650-8166-eeb17d1e9da2', 'disobedient');
INSERT INTO public.word_antonyms (word_id, antonyms) VALUES ('5b0bce95-acde-4650-8166-eeb17d1e9da2', 'fighting');
INSERT INTO public.word_antonyms (word_id, antonyms) VALUES ('5b0bce95-acde-4650-8166-eeb17d1e9da2', 'resistant');
INSERT INTO public.word_antonyms (word_id, antonyms) VALUES ('5b0bce95-acde-4650-8166-eeb17d1e9da2', 'unyielding');
INSERT INTO public.word_antonyms (word_id, antonyms) VALUES ('4017d565-14b5-46f5-9d36-e43d23b458cc', 'homely');
INSERT INTO public.word_antonyms (word_id, antonyms) VALUES ('4017d565-14b5-46f5-9d36-e43d23b458cc', 'ugly');
INSERT INTO public.word_antonyms (word_id, antonyms) VALUES ('4017d565-14b5-46f5-9d36-e43d23b458cc', 'insignificant');
INSERT INTO public.word_antonyms (word_id, antonyms) VALUES ('73d8c390-cff8-4c0a-858a-1c1867a5b0f1', 'common');
INSERT INTO public.word_antonyms (word_id, antonyms) VALUES ('73d8c390-cff8-4c0a-858a-1c1867a5b0f1', 'ordinary');
INSERT INTO public.word_antonyms (word_id, antonyms) VALUES ('73d8c390-cff8-4c0a-858a-1c1867a5b0f1', 'unexceptional');
INSERT INTO public.word_antonyms (word_id, antonyms) VALUES ('73d8c390-cff8-4c0a-858a-1c1867a5b0f1', 'usual');
INSERT INTO public.word_antonyms (word_id, antonyms) VALUES ('9c6c393d-2ffc-45c7-9e24-3fde1f7ff20b', 'be sad');
INSERT INTO public.word_antonyms (word_id, antonyms) VALUES ('26f75a63-940b-49d1-ba91-b05ebaea5b98', 'assurance');
INSERT INTO public.word_antonyms (word_id, antonyms) VALUES ('26f75a63-940b-49d1-ba91-b05ebaea5b98', 'beauty');
INSERT INTO public.word_antonyms (word_id, antonyms) VALUES ('26f75a63-940b-49d1-ba91-b05ebaea5b98', 'calmness');
INSERT INTO public.word_antonyms (word_id, antonyms) VALUES ('4e862e08-804e-40fb-bed9-7c4f5b0e475e', 'answer');
INSERT INTO public.word_antonyms (word_id, antonyms) VALUES ('4e862e08-804e-40fb-bed9-7c4f5b0e475e', 'reply');
INSERT INTO public.word_antonyms (word_id, antonyms) VALUES ('34d63f7e-06ce-41a6-925b-f4c9a8d5d26f', 'agree');
INSERT INTO public.word_antonyms (word_id, antonyms) VALUES ('34d63f7e-06ce-41a6-925b-f4c9a8d5d26f', 'concur');
INSERT INTO public.word_antonyms (word_id, antonyms) VALUES ('34d63f7e-06ce-41a6-925b-f4c9a8d5d26f', 'make peace');


--
-- TOC entry 3383 (class 0 OID 16650)
-- Dependencies: 220
-- Data for Name: word_descriptions; Type: TABLE DATA; Schema: public; Owner: postgres
--

INSERT INTO public.word_descriptions (word_id, descriptions) VALUES ('febd3eaa-5564-4740-8d98-6c957587cf47', 'to strive or vie in contest or rivalry or against difficulties');
INSERT INTO public.word_descriptions (word_id, descriptions) VALUES ('d2584b62-8d35-42cd-b7d9-0ac2d558f65a', 'continuing forever.');
INSERT INTO public.word_descriptions (word_id, descriptions) VALUES ('d2584b62-8d35-42cd-b7d9-0ac2d558f65a', 'valid for all time');
INSERT INTO public.word_descriptions (word_id, descriptions) VALUES ('d2584b62-8d35-42cd-b7d9-0ac2d558f65a', 'occurring continually: indefinitely long-continued');
INSERT INTO public.word_descriptions (word_id, descriptions) VALUES ('94fb8ea7-2cb2-4262-bbfc-5ba76736038f', 'a mark of acknowledgment');
INSERT INTO public.word_descriptions (word_id, descriptions) VALUES ('94fb8ea7-2cb2-4262-bbfc-5ba76736038f', 'an expression of praise');
INSERT INTO public.word_descriptions (word_id, descriptions) VALUES ('94fb8ea7-2cb2-4262-bbfc-5ba76736038f', 'a ceremonial embrace');
INSERT INTO public.word_descriptions (word_id, descriptions) VALUES ('cfc07696-bbc2-481a-a809-01a96cd34935', 'relating to behaviour between people that is pleasant and friendly, often despite a difficult situation');
INSERT INTO public.word_descriptions (word_id, descriptions) VALUES ('289ee1a2-6f03-4b80-854d-37b75f417dc0', 'to avoid doing or stop yourself from doing someting.');
INSERT INTO public.word_descriptions (word_id, descriptions) VALUES ('3d835b28-1231-457a-8a64-2cda90a5f37c', 'ready to take place: happening soon');
INSERT INTO public.word_descriptions (word_id, descriptions) VALUES ('3d835b28-1231-457a-8a64-2cda90a5f37c', '(often used of something bad or dangerous seen as menacingly near)');
INSERT INTO public.word_descriptions (word_id, descriptions) VALUES ('6866972a-657a-40af-b85a-bb6da486b3b3', 'to cause something to continue.');
INSERT INTO public.word_descriptions (word_id, descriptions) VALUES ('943230f8-d377-4b0b-8c04-5f0339b3a2cb', 'to cook food, especially eggs, in water just below boiling temperature');
INSERT INTO public.word_descriptions (word_id, descriptions) VALUES ('943230f8-d377-4b0b-8c04-5f0339b3a2cb', 'to protect someone or someting too much.');
INSERT INTO public.word_descriptions (word_id, descriptions) VALUES ('f9d15829-2995-44b8-baee-e22880fedd91', 'having a very harmful effect or influence.');
INSERT INTO public.word_descriptions (word_id, descriptions) VALUES ('33a9b071-2b75-4e87-b630-c4d62810863c', 'to remove color or stains from');
INSERT INTO public.word_descriptions (word_id, descriptions) VALUES ('33a9b071-2b75-4e87-b630-c4d62810863c', 'to make whiter or lighter especially by physical or chemical removal of color.');
INSERT INTO public.word_descriptions (word_id, descriptions) VALUES ('6e1edbbf-24de-4276-bde7-a1338f828fd6', 'to hate a way of behaving or thinking, often because you think it is not moral.');
INSERT INTO public.word_descriptions (word_id, descriptions) VALUES ('e24fe190-66c4-4923-ac4b-2e98d95e36e4', 'to overturn or overthrow from the foundation: RUIN');
INSERT INTO public.word_descriptions (word_id, descriptions) VALUES ('e24fe190-66c4-4923-ac4b-2e98d95e36e4', 'to pervert or corrupt by an undermining of morals, allegiance, or faith');
INSERT INTO public.word_descriptions (word_id, descriptions) VALUES ('acebb5cf-48d3-44fc-8199-bb8044d061b2', 'friendly, sociable, and congenial');
INSERT INTO public.word_descriptions (word_id, descriptions) VALUES ('acebb5cf-48d3-44fc-8199-bb8044d061b2', 'generally agreeable');
INSERT INTO public.word_descriptions (word_id, descriptions) VALUES ('2e890c4d-e3ef-4342-a623-872047fa1865', 'to get or show only the most important part of something.');
INSERT INTO public.word_descriptions (word_id, descriptions) VALUES ('2e890c4d-e3ef-4342-a623-872047fa1865', 'to make a liquid stronger or purer by heating it until it changes to a gas and then cooling it so that it changes back into a liquid.');
INSERT INTO public.word_descriptions (word_id, descriptions) VALUES ('acb2f9cc-e711-4f60-af46-a9d3ce1b8014', 'to praise something or someone very much.');
INSERT INTO public.word_descriptions (word_id, descriptions) VALUES ('987a58bf-3c20-4507-a781-eec26cff4f01', 'an act or instance of burning');
INSERT INTO public.word_descriptions (word_id, descriptions) VALUES ('987a58bf-3c20-4507-a781-eec26cff4f01', 'a usually rapid chemical process (such as oxidation) that produces heat and usually light');
INSERT INTO public.word_descriptions (word_id, descriptions) VALUES ('316efa33-872e-4623-9f2e-df78062241fd', 'having, consisting of, or acting on a single element, item, or component: MONADIC');
INSERT INTO public.word_descriptions (word_id, descriptions) VALUES ('0dca143e-8982-40af-bd4f-64e3cd0fca63', 'to start talking about something that is not related to what you were talking about before.');
INSERT INTO public.word_descriptions (word_id, descriptions) VALUES ('d9ef9cb7-31e9-4628-bc62-c1b9778778c2', 'to turn aside: DEVIATE');
INSERT INTO public.word_descriptions (word_id, descriptions) VALUES ('d9ef9cb7-31e9-4628-bc62-c1b9778778c2', 'to turn from one course or use to another.');
INSERT INTO public.word_descriptions (word_id, descriptions) VALUES ('d9ef9cb7-31e9-4628-bc62-c1b9778778c2', 'to give pleasure to especially by distracting the attention from what burdens or distresses.');
INSERT INTO public.word_descriptions (word_id, descriptions) VALUES ('71366083-b515-4ac8-ba69-116911fcada7', 'a thin thread of something, often one of a few, twisted around each other to make a string or rope.');
INSERT INTO public.word_descriptions (word_id, descriptions) VALUES ('71366083-b515-4ac8-ba69-116911fcada7', 'a part that combines with other parts to form a whole story, subject, or situation');
INSERT INTO public.word_descriptions (word_id, descriptions) VALUES ('71366083-b515-4ac8-ba69-116911fcada7', 'beach, a shore');
INSERT INTO public.word_descriptions (word_id, descriptions) VALUES ('084036ee-4f42-4204-902a-fda4c5d41c91', 'not lasting long');
INSERT INTO public.word_descriptions (word_id, descriptions) VALUES ('084036ee-4f42-4204-902a-fda4c5d41c91', 'staying somewhere only a short time');
INSERT INTO public.word_descriptions (word_id, descriptions) VALUES ('084036ee-4f42-4204-902a-fda4c5d41c91', 'passing especially quickly into and out of existence');
INSERT INTO public.word_descriptions (word_id, descriptions) VALUES ('ee557660-2f69-41e5-ad9b-dd4d9df7591b', 'to speak out in angry or displeased rebuke');
INSERT INTO public.word_descriptions (word_id, descriptions) VALUES ('ee557660-2f69-41e5-ad9b-dd4d9df7591b', 'to voice disapproval to: reproach in a usually mild and constructive manner: SCOLD');
INSERT INTO public.word_descriptions (word_id, descriptions) VALUES ('34f2aa4b-1ec7-4c07-bb2b-d16a87fac240', 'to make small changes to something in order to improve or repair it.');
INSERT INTO public.word_descriptions (word_id, descriptions) VALUES ('b0e8bac4-c7c1-4388-9c16-9f9b84dec659', 'the quality or fact of being contradictory or inconsistent');
INSERT INTO public.word_descriptions (word_id, descriptions) VALUES ('b0e8bac4-c7c1-4388-9c16-9f9b84dec659', 'an instance of such contradiction or inconsistency');
INSERT INTO public.word_descriptions (word_id, descriptions) VALUES ('b0e8bac4-c7c1-4388-9c16-9f9b84dec659', 'strong dislike, distate, or antagonism');
INSERT INTO public.word_descriptions (word_id, descriptions) VALUES ('03a0bc9a-c7cd-4135-9f91-174495842c37', 'the act or an instance of leaving the main subject in an extended written or verbal expression of thought');
INSERT INTO public.word_descriptions (word_id, descriptions) VALUES ('476d3e0b-e79f-456e-b601-25441b787659', 'to grow together');
INSERT INTO public.word_descriptions (word_id, descriptions) VALUES ('476d3e0b-e79f-456e-b601-25441b787659', 'to unite into a whole');
INSERT INTO public.word_descriptions (word_id, descriptions) VALUES ('974d1246-7159-4b4e-acef-3d715c5b4235', 'noisy shouting');
INSERT INTO public.word_descriptions (word_id, descriptions) VALUES ('974d1246-7159-4b4e-acef-3d715c5b4235', 'a loud continuous noise');
INSERT INTO public.word_descriptions (word_id, descriptions) VALUES ('974d1246-7159-4b4e-acef-3d715c5b4235', 'insistent public expression');
INSERT INTO public.word_descriptions (word_id, descriptions) VALUES ('4848716e-bdcb-457d-a5e9-8a6c4527f1fc', 'lofty, grand, or exalted in thought, expression, or manner');
INSERT INTO public.word_descriptions (word_id, descriptions) VALUES ('4848716e-bdcb-457d-a5e9-8a6c4527f1fc', 'of outstanding spiritual, intellectual, or moral worth');
INSERT INTO public.word_descriptions (word_id, descriptions) VALUES ('4848716e-bdcb-457d-a5e9-8a6c4527f1fc', 'tending to inspire awe usually because of elevated quality or transcendent excellence');
INSERT INTO public.word_descriptions (word_id, descriptions) VALUES ('22b9ea85-49a9-4da4-8861-98c3d7604c96', 'having or showing great knowledge or understanding');
INSERT INTO public.word_descriptions (word_id, descriptions) VALUES ('22b9ea85-49a9-4da4-8861-98c3d7604c96', 'difficult to understand: requiring deep thought or wisdom');
INSERT INTO public.word_descriptions (word_id, descriptions) VALUES ('22b9ea85-49a9-4da4-8861-98c3d7604c96', 'very strongly felt');
INSERT INTO public.word_descriptions (word_id, descriptions) VALUES ('dfd48a8d-b268-4101-a378-de9414367622', 'the pack part of something');
INSERT INTO public.word_descriptions (word_id, descriptions) VALUES ('dfd48a8d-b268-4101-a378-de9414367622', 'the space or position at the back');
INSERT INTO public.word_descriptions (word_id, descriptions) VALUES ('75ed7c46-7355-4c45-a012-bfce4c2c5f1d', 'the right to choose what should be done in a particular situation.');
INSERT INTO public.word_descriptions (word_id, descriptions) VALUES ('75ed7c46-7355-4c45-a012-bfce4c2c5f1d', 'the quality of being careful about what you do and say so that people will not be embarrassed or offended: the quality of being discreet');
INSERT INTO public.word_descriptions (word_id, descriptions) VALUES ('1c53242a-5232-4387-b151-c851f3d9969f', 'an act or instance of burning');
INSERT INTO public.word_descriptions (word_id, descriptions) VALUES ('1c53242a-5232-4387-b151-c851f3d9969f', 'a usually rapid chemical process (such as oxidation) that produces heat and usually light');
INSERT INTO public.word_descriptions (word_id, descriptions) VALUES ('8288696d-b528-42e4-b838-67581d2e7121', 'to eliminate the mystifying features of');
INSERT INTO public.word_descriptions (word_id, descriptions) VALUES ('9938b09a-b46c-4e10-bbda-0127c92350da', 'marked by contemptuous or cocky boldness or disregard of others');
INSERT INTO public.word_descriptions (word_id, descriptions) VALUES ('ed61669f-3f4b-4e8f-915e-a791efe85ff1', 'an inviolable place of refure and protection giving shelter to criminals and debtors: SANCTUARY');
INSERT INTO public.word_descriptions (word_id, descriptions) VALUES ('ed61669f-3f4b-4e8f-915e-a791efe85ff1', 'a place of retreat and security: SHELTER');
INSERT INTO public.word_descriptions (word_id, descriptions) VALUES ('8c0596ec-e800-4865-8541-25a594f8db9f', 'something(such as borders or walls) that encloses');
INSERT INTO public.word_descriptions (word_id, descriptions) VALUES ('8c0596ec-e800-4865-8541-25a594f8db9f', 'something that restrains');
INSERT INTO public.word_descriptions (word_id, descriptions) VALUES ('8b4c1639-1213-49ee-ba3f-b81d2fcebe95', 'to interfere so as to weaken or change for the worse, used with with');
INSERT INTO public.word_descriptions (word_id, descriptions) VALUES ('8b4c1639-1213-49ee-ba3f-b81d2fcebe95', 'to try to foolish or dangerous experiments');
INSERT INTO public.word_descriptions (word_id, descriptions) VALUES ('8b4c1639-1213-49ee-ba3f-b81d2fcebe95', 'to render something harmful or dangerous by altering its structure or composition');
INSERT INTO public.word_descriptions (word_id, descriptions) VALUES ('f61d8598-6a3e-4957-a7fa-e9ea17344ab3', 'having an appeal');
INSERT INTO public.word_descriptions (word_id, descriptions) VALUES ('1923b62b-38b7-4557-a9d5-4dfa346725f8', 'to renounce or turn away from entirely');
INSERT INTO public.word_descriptions (word_id, descriptions) VALUES ('a8a53ea3-21f2-44bf-8ef0-8a53a9ba9dc0', 'something that is done.');
INSERT INTO public.word_descriptions (word_id, descriptions) VALUES ('a8a53ea3-21f2-44bf-8ef0-8a53a9ba9dc0', 'a usually illustrious act or action: FEAT, EXPLOIT');
INSERT INTO public.word_descriptions (word_id, descriptions) VALUES ('a8a53ea3-21f2-44bf-8ef0-8a53a9ba9dc0', 'the act of performing: ACTION');
INSERT INTO public.word_descriptions (word_id, descriptions) VALUES ('04439f1a-7f9b-4bf8-b783-ad4727dded06', 'causing a strong feeling of sadness');
INSERT INTO public.word_descriptions (word_id, descriptions) VALUES ('04439f1a-7f9b-4bf8-b783-ad4727dded06', 'painfully affecting the feelings: PIERCING');
INSERT INTO public.word_descriptions (word_id, descriptions) VALUES ('04439f1a-7f9b-4bf8-b783-ad4727dded06', 'designed to make an impression');
INSERT INTO public.word_descriptions (word_id, descriptions) VALUES ('04439f1a-7f9b-4bf8-b783-ad4727dded06', 'pleasurably stimulating');
INSERT INTO public.word_descriptions (word_id, descriptions) VALUES ('5db1ee1b-43e0-4b96-bb10-3f130439c6a9', 'to produce, increase, or fill with sound, by vibrating objects that are near');
INSERT INTO public.word_descriptions (word_id, descriptions) VALUES ('5db1ee1b-43e0-4b96-bb10-3f130439c6a9', 'to be filled with a particular quality.');
INSERT INTO public.word_descriptions (word_id, descriptions) VALUES ('5db1ee1b-43e0-4b96-bb10-3f130439c6a9', 'to continue to have a powerful effect or value');
INSERT INTO public.word_descriptions (word_id, descriptions) VALUES ('496ffa5e-55e2-4836-bc92-bd2b86215638', 'to make something secret known.');
INSERT INTO public.word_descriptions (word_id, descriptions) VALUES ('f1d3a83b-78af-42cb-ac63-dfc34cb737b6', 'to make someone feel worried or angry.');
INSERT INTO public.word_descriptions (word_id, descriptions) VALUES ('f1d3a83b-78af-42cb-ac63-dfc34cb737b6', 'to argue forcefully, especially in public, in order to achieve a particular type of change.');
INSERT INTO public.word_descriptions (word_id, descriptions) VALUES ('e22273fb-23ae-4cc6-8327-4bbd29d1fa65', 'to think carefully about something, especially for a noticeable length of time');
INSERT INTO public.word_descriptions (word_id, descriptions) VALUES ('3c953a0c-3e3d-486f-8979-1ff3b0965ce1', 'exceeding what is sufficent or necessary');
INSERT INTO public.word_descriptions (word_id, descriptions) VALUES ('3c953a0c-3e3d-486f-8979-1ff3b0965ce1', 'not needed');
INSERT INTO public.word_descriptions (word_id, descriptions) VALUES ('3552979c-f9fa-473a-83d5-f388a5deadef', 'being in an early stage of development');
INSERT INTO public.word_descriptions (word_id, descriptions) VALUES ('26b59c3f-f7b0-4429-bb71-10c6593fce89', 'to tell everyone a piece of news.');
INSERT INTO public.word_descriptions (word_id, descriptions) VALUES ('4b6aa1ec-1298-416d-8c1f-cc4813a237b8', 'noisy especially in a vulgar or offensive manner');
INSERT INTO public.word_descriptions (word_id, descriptions) VALUES ('4b6aa1ec-1298-416d-8c1f-cc4813a237b8', 'completely obvious, conspicuous, or obstrusive especially in a crass of offensive manner');
INSERT INTO public.word_descriptions (word_id, descriptions) VALUES ('891c3316-8b90-4b16-92ac-ef25a9700323', 'to charge with a crime by the finding or presentment of a jury (such as a grand jury) in due form of law');
INSERT INTO public.word_descriptions (word_id, descriptions) VALUES ('891c3316-8b90-4b16-92ac-ef25a9700323', 'to charge with a fault or offense: CRITICIZE, ACCUSE ');
INSERT INTO public.word_descriptions (word_id, descriptions) VALUES ('ca523e1d-1c77-4cde-b585-f8f05eaaad38', 'experiencing or doing something that is difficult, unpleasant, or painful');
INSERT INTO public.word_descriptions (word_id, descriptions) VALUES ('e3a07a46-4ddf-44d4-a582-26f87eaac9aa', 'unlimited power and the ability to do anything.');
INSERT INTO public.word_descriptions (word_id, descriptions) VALUES ('8489e353-b834-4461-83e8-88baee167ec4', 'to restore to friendship or harmony');
INSERT INTO public.word_descriptions (word_id, descriptions) VALUES ('8489e353-b834-4461-83e8-88baee167ec4', 'to cause to submit to or accept something unpleasant');
INSERT INTO public.word_descriptions (word_id, descriptions) VALUES ('4dc02076-1ce8-40ce-8a55-7f4250271bc4', 'existing officially, but not in reality.');
INSERT INTO public.word_descriptions (word_id, descriptions) VALUES ('88ef1792-5446-487e-96f6-20406d9c9029', 'sad and lonely because of isolation or desertion');
INSERT INTO public.word_descriptions (word_id, descriptions) VALUES ('88ef1792-5446-487e-96f6-20406d9c9029', 'being in poor condition');
INSERT INTO public.word_descriptions (word_id, descriptions) VALUES ('88ef1792-5446-487e-96f6-20406d9c9029', 'nearly hopeless');
INSERT INTO public.word_descriptions (word_id, descriptions) VALUES ('71747417-ea91-4796-a3aa-e74ac64ace23', 'evil reputation brought about by something grossly criminal, shocking, or brutal');
INSERT INTO public.word_descriptions (word_id, descriptions) VALUES ('71747417-ea91-4796-a3aa-e74ac64ace23', 'an extreme and publicly known criminal or evil act');
INSERT INTO public.word_descriptions (word_id, descriptions) VALUES ('492e060c-9aa4-4495-9e61-7604396cc3a0', 'promptness in response: cheerful readiness');
INSERT INTO public.word_descriptions (word_id, descriptions) VALUES ('fe58474c-bae6-4082-bed0-bd08720be1f2', 'a liquid that is painted onto wood or paintings to protect the surface, or the hard shiny surface it produces when it dries.');
INSERT INTO public.word_descriptions (word_id, descriptions) VALUES ('bda5fb6c-ff7d-415f-82c6-5454fc006a83', 'a proposition antecedently supposed or proved as a basis of argument or inference');
INSERT INTO public.word_descriptions (word_id, descriptions) VALUES ('bda5fb6c-ff7d-415f-82c6-5454fc006a83', 'something assumed or taken for granted');
INSERT INTO public.word_descriptions (word_id, descriptions) VALUES ('25f2a9db-982a-4015-ac0f-27a3bb67048f', 'to make slow or difficult the progress of.');
INSERT INTO public.word_descriptions (word_id, descriptions) VALUES ('25f2a9db-982a-4015-ac0f-27a3bb67048f', 'to hold back');
INSERT INTO public.word_descriptions (word_id, descriptions) VALUES ('25f2a9db-982a-4015-ac0f-27a3bb67048f', 'to delay, impede, or prevent action');
INSERT INTO public.word_descriptions (word_id, descriptions) VALUES ('c8e06366-f076-4778-881f-bec5d3e53127', 'to raise in rank, power, or character');
INSERT INTO public.word_descriptions (word_id, descriptions) VALUES ('c8e06366-f076-4778-881f-bec5d3e53127', 'to elevate by praise or in estimation');
INSERT INTO public.word_descriptions (word_id, descriptions) VALUES ('22e71fef-c4be-49d3-a5a8-ce72d1891f1f', 'difficult or impossibe for one of ordinary understanding or knowledge to comprehend: DEEP');
INSERT INTO public.word_descriptions (word_id, descriptions) VALUES ('22e71fef-c4be-49d3-a5a8-ce72d1891f1f', 'of, relating to, or dealing with something little known or obscure');
INSERT INTO public.word_descriptions (word_id, descriptions) VALUES ('22e71fef-c4be-49d3-a5a8-ce72d1891f1f', 'hidden from sight');
INSERT INTO public.word_descriptions (word_id, descriptions) VALUES ('3c645c59-1764-46fc-97b8-39943d6adac9', 'to wrap or twist together: INTERWEAVE');
INSERT INTO public.word_descriptions (word_id, descriptions) VALUES ('3c645c59-1764-46fc-97b8-39943d6adac9', 'to involve in a perplexing or troublesome situation');
INSERT INTO public.word_descriptions (word_id, descriptions) VALUES ('3c645c59-1764-46fc-97b8-39943d6adac9', 'to make complicated');
INSERT INTO public.word_descriptions (word_id, descriptions) VALUES ('3d81b6f5-9d85-4574-829c-0f1b4437b76b', 'the possibility that something good might happen in the future');
INSERT INTO public.word_descriptions (word_id, descriptions) VALUES ('7b860f3a-4f78-4467-ab84-952cbd41c997', 'to give a false appearance of: induce as a false impression.');
INSERT INTO public.word_descriptions (word_id, descriptions) VALUES ('7b860f3a-4f78-4467-ab84-952cbd41c997', 'to assert aas if true');
INSERT INTO public.word_descriptions (word_id, descriptions) VALUES ('7b860f3a-4f78-4467-ab84-952cbd41c997', 'to give fictional representation to.');
INSERT INTO public.word_descriptions (word_id, descriptions) VALUES ('cc0b16f1-021b-42ac-8835-20c88196c0ad', 'to express a thought, feeling, or idea so that it is understood by other people.');
INSERT INTO public.word_descriptions (word_id, descriptions) VALUES ('cc0b16f1-021b-42ac-8835-20c88196c0ad', 'to take or carry someone or something to a particual place.');
INSERT INTO public.word_descriptions (word_id, descriptions) VALUES ('365d617b-1558-45b1-adcc-161df52d274f', 'a very unpleasant and painful or difficult experience');
INSERT INTO public.word_descriptions (word_id, descriptions) VALUES ('02e6f83b-bae0-4916-b15d-7c36f52ad1a0', 'to relate to or have a connection with something');
INSERT INTO public.word_descriptions (word_id, descriptions) VALUES ('02e6f83b-bae0-4916-b15d-7c36f52ad1a0', 'to belong as a part, member, accessory, or product');
INSERT INTO public.word_descriptions (word_id, descriptions) VALUES ('987d1f40-2602-43dd-bd70-7b2c637fc09e', 'the joining of two pieces (as of cloth or leather) by sewing usually near the edge.');
INSERT INTO public.word_descriptions (word_id, descriptions) VALUES ('987d1f40-2602-43dd-bd70-7b2c637fc09e', 'the space between adjacent planks or strakes of a ship.');
INSERT INTO public.word_descriptions (word_id, descriptions) VALUES ('987d1f40-2602-43dd-bd70-7b2c637fc09e', 'a weak or vulnerable area or gap.');
INSERT INTO public.word_descriptions (word_id, descriptions) VALUES ('853937c8-a734-4fc7-a3ef-b41114cb700b', 'the power to influence people in order to get what you want');
INSERT INTO public.word_descriptions (word_id, descriptions) VALUES ('42d1918a-52e5-4fa2-966f-d64f7a96ce87', 'having declined or become less specialized (as in nature, character, structure, or function) from an acestral or former state');
INSERT INTO public.word_descriptions (word_id, descriptions) VALUES ('42d1918a-52e5-4fa2-966f-d64f7a96ce87', 'having sunk to a condition below that which is normal to a type');
INSERT INTO public.word_descriptions (word_id, descriptions) VALUES ('42d1918a-52e5-4fa2-966f-d64f7a96ce87', 'to pass from a higher to a lower type or condition');
INSERT INTO public.word_descriptions (word_id, descriptions) VALUES ('7662bb8b-95b7-4c19-9ccf-ad3f6089a17e', 'marked by intimacy');
INSERT INTO public.word_descriptions (word_id, descriptions) VALUES ('7662bb8b-95b7-4c19-9ccf-ad3f6089a17e', 'entrusted with confidences');
INSERT INTO public.word_descriptions (word_id, descriptions) VALUES ('7662bb8b-95b7-4c19-9ccf-ad3f6089a17e', 'containing information whose unauthorized disclosure could be prejudicial to the national interest');
INSERT INTO public.word_descriptions (word_id, descriptions) VALUES ('30dbdfa5-47bf-4ba3-b612-b70edcdca547', 'used to refer to something less important than something else with which it is connected.');
INSERT INTO public.word_descriptions (word_id, descriptions) VALUES ('4545b40a-f38d-462c-993f-c3166f177586', 'into parts');
INSERT INTO public.word_descriptions (word_id, descriptions) VALUES ('4545b40a-f38d-462c-993f-c3166f177586', 'apart from each other');
INSERT INTO public.word_descriptions (word_id, descriptions) VALUES ('27167d6a-0e8d-480e-9e92-548b052d79fe', 'death, a cessation of existence or activity');
INSERT INTO public.word_descriptions (word_id, descriptions) VALUES ('27167d6a-0e8d-480e-9e92-548b052d79fe', 'a loss of position or status');
INSERT INTO public.word_descriptions (word_id, descriptions) VALUES ('27167d6a-0e8d-480e-9e92-548b052d79fe', 'the conveyance fo an estate');
INSERT INTO public.word_descriptions (word_id, descriptions) VALUES ('74a52231-0363-4786-a2a9-f9d4e18bcc1e', 'being hardened and thickened');
INSERT INTO public.word_descriptions (word_id, descriptions) VALUES ('74a52231-0363-4786-a2a9-f9d4e18bcc1e', 'having calluses');
INSERT INTO public.word_descriptions (word_id, descriptions) VALUES ('74a52231-0363-4786-a2a9-f9d4e18bcc1e', 'feeling no emotion');
INSERT INTO public.word_descriptions (word_id, descriptions) VALUES ('74a52231-0363-4786-a2a9-f9d4e18bcc1e', 'feeling or showing no sympathy for others');
INSERT INTO public.word_descriptions (word_id, descriptions) VALUES ('6ae6bdf5-6653-48e6-b11d-58bc7bf934bb', 'to lower in status, esteem, quality, or character');
INSERT INTO public.word_descriptions (word_id, descriptions) VALUES ('6ae6bdf5-6653-48e6-b11d-58bc7bf934bb', 'to reduce the exchange value of a monetary unit');
INSERT INTO public.word_descriptions (word_id, descriptions) VALUES ('0a73a9be-0202-4b09-822e-d8feaaa90787', 'deserving respect because of age, high position, or religious or historical importance.');
INSERT INTO public.word_descriptions (word_id, descriptions) VALUES ('ca6cd98d-d8f2-4c33-80e7-3b9084f00600', 'without injuries or damage being caused.');
INSERT INTO public.word_descriptions (word_id, descriptions) VALUES ('3c6b0a51-55be-48e7-bf11-33a45ee0bc88', 'to bring your eyebrows together so that there are lines on your face above your eyes, often while turning the corners of your mouth downwards, showing that you are annoyed, worried, sad, or thinking hard.');
INSERT INTO public.word_descriptions (word_id, descriptions) VALUES ('6c613b4a-d6a4-4b6e-aa65-98790347f901', 'to close up or block off: OBSTRUCT');
INSERT INTO public.word_descriptions (word_id, descriptions) VALUES ('bb2efe7b-3b69-4cfb-a9b9-e3b7ba92c85d', 'easily duped or cheated');
INSERT INTO public.word_descriptions (word_id, descriptions) VALUES ('833f82a4-e3f5-47e3-b80e-f27ffc07aaef', 'to acquire (something, such as land) by preemption');
INSERT INTO public.word_descriptions (word_id, descriptions) VALUES ('833f82a4-e3f5-47e3-b80e-f27ffc07aaef', 'to seize upon to the exclusion of others: take for oneself');
INSERT INTO public.word_descriptions (word_id, descriptions) VALUES ('4fde5db4-864f-4035-86c0-41fecf525196', 'to extend the length of');
INSERT INTO public.word_descriptions (word_id, descriptions) VALUES ('4fde5db4-864f-4035-86c0-41fecf525196', 'to grow in length');
INSERT INTO public.word_descriptions (word_id, descriptions) VALUES ('988faa4a-9f5e-4308-b053-75131d130e98', 'to withdraw or retreat from: leave behind.');
INSERT INTO public.word_descriptions (word_id, descriptions) VALUES ('988faa4a-9f5e-4308-b053-75131d130e98', 'to stop holding physically: RELEASE');
INSERT INTO public.word_descriptions (word_id, descriptions) VALUES ('988faa4a-9f5e-4308-b053-75131d130e98', 'to give over possession or control of: YIELD');
INSERT INTO public.word_descriptions (word_id, descriptions) VALUES ('e5c16ad5-239b-45d3-aa06-a757cbe32280', 'certain or extremely likely to happen.');
INSERT INTO public.word_descriptions (word_id, descriptions) VALUES ('e5c16ad5-239b-45d3-aa06-a757cbe32280', 'having a moral or legal duty to do something.');
INSERT INTO public.word_descriptions (word_id, descriptions) VALUES ('e5c16ad5-239b-45d3-aa06-a757cbe32280', 'tied with rope, cord, string');
INSERT INTO public.word_descriptions (word_id, descriptions) VALUES ('2c24e3f5-4331-48b9-a673-5ba0ffb76e18', '(at sb''s behest/at the behest of sb) because someone has asked or ordered you to do something');
INSERT INTO public.word_descriptions (word_id, descriptions) VALUES ('75d3b2dd-1a0e-4e25-a31e-da7366ee438d', 'to make someone or something physically weak.');
INSERT INTO public.word_descriptions (word_id, descriptions) VALUES ('65e88d9b-e1f2-4511-85c2-56777bfa6b84', 'a warning to consider something before taking any more action, or a statement that limits a more general statement.');
INSERT INTO public.word_descriptions (word_id, descriptions) VALUES ('4c67b28e-6c56-4ff7-9997-a21f09648d21', 'to continue to keep something.');
INSERT INTO public.word_descriptions (word_id, descriptions) VALUES ('81a659e0-6ab1-4aee-8827-f79b41bb5f39', 'the state of being married.');
INSERT INTO public.word_descriptions (word_id, descriptions) VALUES ('5b0bce95-acde-4650-8166-eeb17d1e9da2', 'allowing yourself to be controlled by other people or animals.');
INSERT INTO public.word_descriptions (word_id, descriptions) VALUES ('6b96acd8-45f8-458b-8dd0-c84c17f8a7a1', 'to declare publicly, typically insistently, proudly, or defiantly and in either speech or writing: ANNOUNCE');
INSERT INTO public.word_descriptions (word_id, descriptions) VALUES ('6b96acd8-45f8-458b-8dd0-c84c17f8a7a1', 'to give outward indication of: SHOW');
INSERT INTO public.word_descriptions (word_id, descriptions) VALUES ('86528a08-88b7-4e04-adf9-65aeadfb2c9a', 'marked by arrogant assurance: DOMINEERING');
INSERT INTO public.word_descriptions (word_id, descriptions) VALUES ('86528a08-88b7-4e04-adf9-65aeadfb2c9a', 'befitting or characteristic of one of eminent rank or attainments: COMMANDING');
INSERT INTO public.word_descriptions (word_id, descriptions) VALUES ('86528a08-88b7-4e04-adf9-65aeadfb2c9a', 'intensely compelling');
INSERT INTO public.word_descriptions (word_id, descriptions) VALUES ('4017d565-14b5-46f5-9d36-e43d23b458cc', 'confusing and difficult to understand.');
INSERT INTO public.word_descriptions (word_id, descriptions) VALUES ('4017d565-14b5-46f5-9d36-e43d23b458cc', 'making you feel confused because you cannot decide what you want.');
INSERT INTO public.word_descriptions (word_id, descriptions) VALUES ('c29a9b26-5235-4093-a1f7-821b7735a0ff', 'to write or draw something quickly and carelessly');
INSERT INTO public.word_descriptions (word_id, descriptions) VALUES ('73d8c390-cff8-4c0a-858a-1c1867a5b0f1', 'deviating from the usual or natural type.');
INSERT INTO public.word_descriptions (word_id, descriptions) VALUES ('73d8c390-cff8-4c0a-858a-1c1867a5b0f1', 'straying from the right or normal way.');
INSERT INTO public.word_descriptions (word_id, descriptions) VALUES ('9c6c393d-2ffc-45c7-9e24-3fde1f7ff20b', 'to feel or show great happiness about something');
INSERT INTO public.word_descriptions (word_id, descriptions) VALUES ('26f75a63-940b-49d1-ba91-b05ebaea5b98', 'a feeling of worry, shock, or confusion');
INSERT INTO public.word_descriptions (word_id, descriptions) VALUES ('4e862e08-804e-40fb-bed9-7c4f5b0e475e', 'to question formally and systematically.');
INSERT INTO public.word_descriptions (word_id, descriptions) VALUES ('4e862e08-804e-40fb-bed9-7c4f5b0e475e', 'to give or send out a signal to (a device, such as a transponder) for triggering an appropriate response.');
INSERT INTO public.word_descriptions (word_id, descriptions) VALUES ('34d63f7e-06ce-41a6-925b-f4c9a8d5d26f', 'to argue about things that are not important');


--
-- TOC entry 3384 (class 0 OID 16655)
-- Dependencies: 221
-- Data for Name: word_sentences; Type: TABLE DATA; Schema: public; Owner: postgres
--

INSERT INTO public.word_sentences (word_id, sentences) VALUES ('febd3eaa-5564-4740-8d98-6c957587cf47', 'These people contend that they earned the right to the land.');
INSERT INTO public.word_sentences (word_id, sentences) VALUES ('febd3eaa-5564-4740-8d98-6c957587cf47', 'The team is expected to contend for the championship this year.');
INSERT INTO public.word_sentences (word_id, sentences) VALUES ('d2584b62-8d35-42cd-b7d9-0ac2d558f65a', 'He''s addicted to the perpetual flux of the information networks. He craves his next data fix. He''s a speed freak, an info junkie.');
INSERT INTO public.word_sentences (word_id, sentences) VALUES ('d2584b62-8d35-42cd-b7d9-0ac2d558f65a', 'The region is in a state of perpetual war.');
INSERT INTO public.word_sentences (word_id, sentences) VALUES ('94fb8ea7-2cb2-4262-bbfc-5ba76736038f', 'received the highest accolade of his profession');
INSERT INTO public.word_sentences (word_id, sentences) VALUES ('94fb8ea7-2cb2-4262-bbfc-5ba76736038f', 'a movie that has drawn accolades from both fans and critics');
INSERT INTO public.word_sentences (word_id, sentences) VALUES ('cfc07696-bbc2-481a-a809-01a96cd34935', 'His manner was perfectly amicable, but I felt uncomfortable.');
INSERT INTO public.word_sentences (word_id, sentences) VALUES ('cfc07696-bbc2-481a-a809-01a96cd34935', 'Few people have amicable divorces.');
INSERT INTO public.word_sentences (word_id, sentences) VALUES ('289ee1a2-6f03-4b80-854d-37b75f417dc0', 'We refrained from talking until we knew that it was safe.');
INSERT INTO public.word_sentences (word_id, sentences) VALUES ('289ee1a2-6f03-4b80-854d-37b75f417dc0', 'The sign on the wall said ''Please refrain from smoking.''');
INSERT INTO public.word_sentences (word_id, sentences) VALUES ('3d835b28-1231-457a-8a64-2cda90a5f37c', 'Like books, board games appear headed for imminent demise at the hands of cathode-ray terminals');
INSERT INTO public.word_sentences (word_id, sentences) VALUES ('6866972a-657a-40af-b85a-bb6da486b3b3', 'Increasing the supply of weapons will only perpetuate the violence and anarchy.');
INSERT INTO public.word_sentences (word_id, sentences) VALUES ('6866972a-657a-40af-b85a-bb6da486b3b3', 'The aim of the association is to perpetuate the skills of traditional furniture design.');
INSERT INTO public.word_sentences (word_id, sentences) VALUES ('943230f8-d377-4b0b-8c04-5f0339b3a2cb', 'coddled eggs');
INSERT INTO public.word_sentences (word_id, sentences) VALUES ('943230f8-d377-4b0b-8c04-5f0339b3a2cb', 'The steel industry is coddled by trade protection and massive subsidies.');
INSERT INTO public.word_sentences (word_id, sentences) VALUES ('f9d15829-2995-44b8-baee-e22880fedd91', 'The cuts in government funding have had a pernicious effect on local health services.');
INSERT INTO public.word_sentences (word_id, sentences) VALUES ('f9d15829-2995-44b8-baee-e22880fedd91', 'The book focuses on the pernicious effects of slavery.');
INSERT INTO public.word_sentences (word_id, sentences) VALUES ('33a9b071-2b75-4e87-b630-c4d62810863c', 'She bleached her hair blonde.');
INSERT INTO public.word_sentences (word_id, sentences) VALUES ('33a9b071-2b75-4e87-b630-c4d62810863c', 'Bones bleached white by the sun.');
INSERT INTO public.word_sentences (word_id, sentences) VALUES ('6e1edbbf-24de-4276-bde7-a1338f828fd6', 'I abhor all forms of racism.');
INSERT INTO public.word_sentences (word_id, sentences) VALUES ('6e1edbbf-24de-4276-bde7-a1338f828fd6', 'Indeed, they argue that this preoccupation leads us, as gerontologists, to perpetuate the very conditions that we abhor.');
INSERT INTO public.word_sentences (word_id, sentences) VALUES ('e24fe190-66c4-4923-ac4b-2e98d95e36e4', 'They conspired to subvert the government');
INSERT INTO public.word_sentences (word_id, sentences) VALUES ('e24fe190-66c4-4923-ac4b-2e98d95e36e4', 'trying to subvert the electoral process');
INSERT INTO public.word_sentences (word_id, sentences) VALUES ('acebb5cf-48d3-44fc-8199-bb8044d061b2', 'Many of these encounters between the haves and have-nots are brief and amiable.');
INSERT INTO public.word_sentences (word_id, sentences) VALUES ('acebb5cf-48d3-44fc-8199-bb8044d061b2', 'The book pivots around Molly Bonner, an amiable, 40-ish woman whose second husband has just died in a helicopter accident, leaving her grief-struck and rich.');
INSERT INTO public.word_sentences (word_id, sentences) VALUES ('2e890c4d-e3ef-4342-a623-872047fa1865', 'Over 80 hours of footage have been distilled into these 40 minutes.');
INSERT INTO public.word_sentences (word_id, sentences) VALUES ('2e890c4d-e3ef-4342-a623-872047fa1865', 'Some strong alcoholic drinks such as whiskey are made by distilling.');
INSERT INTO public.word_sentences (word_id, sentences) VALUES ('2e890c4d-e3ef-4342-a623-872047fa1865', 'She distilled the report into a paragraph.');
INSERT INTO public.word_sentences (word_id, sentences) VALUES ('acb2f9cc-e711-4f60-af46-a9d3ce1b8014', 'His book extolling the benefits of vegetarianism sold thousands of copies.');
INSERT INTO public.word_sentences (word_id, sentences) VALUES ('acb2f9cc-e711-4f60-af46-a9d3ce1b8014', 'She is forever extolling the virtues of her children.');
INSERT INTO public.word_sentences (word_id, sentences) VALUES ('987a58bf-3c20-4507-a781-eec26cff4f01', 'Combustion may occur at high temperatures');
INSERT INTO public.word_sentences (word_id, sentences) VALUES ('316efa33-872e-4623-9f2e-df78062241fd', 'The unary plus produces the positive nof the value. ');
INSERT INTO public.word_sentences (word_id, sentences) VALUES ('0dca143e-8982-40af-bd4f-64e3cd0fca63', 'I am sorry to have to digress on the technical side.');
INSERT INTO public.word_sentences (word_id, sentences) VALUES ('0dca143e-8982-40af-bd4f-64e3cd0fca63', 'I do not wish to digress, but there is a difficulty.');
INSERT INTO public.word_sentences (word_id, sentences) VALUES ('d9ef9cb7-31e9-4628-bc62-c1b9778778c2', 'Police diverted traffice to a side street.');
INSERT INTO public.word_sentences (word_id, sentences) VALUES ('d9ef9cb7-31e9-4628-bc62-c1b9778778c2', 'The stream was diverted toward the farmland.');
INSERT INTO public.word_sentences (word_id, sentences) VALUES ('d9ef9cb7-31e9-4628-bc62-c1b9778778c2', 'They were charged with illegally diverting public funds for private use.');
INSERT INTO public.word_sentences (word_id, sentences) VALUES ('71366083-b515-4ac8-ba69-116911fcada7', 'There are so many different strands to the plot that it''s hard to follow.');
INSERT INTO public.word_sentences (word_id, sentences) VALUES ('71366083-b515-4ac8-ba69-116911fcada7', 'He is trying to bring the disparate strands of the party together.');
INSERT INTO public.word_sentences (word_id, sentences) VALUES ('71366083-b515-4ac8-ba69-116911fcada7', 'The alarm was raised when locals walking on the strand spotted the roof of the tractor in the surf.');
INSERT INTO public.word_sentences (word_id, sentences) VALUES ('084036ee-4f42-4204-902a-fda4c5d41c91', 'The mountain lies between his residence and the main road, and occludes the expectation of transient visits.');
INSERT INTO public.word_sentences (word_id, sentences) VALUES ('084036ee-4f42-4204-902a-fda4c5d41c91', 'The connections between the cells instead seem to be transient.');
INSERT INTO public.word_sentences (word_id, sentences) VALUES ('ee557660-2f69-41e5-ad9b-dd4d9df7591b', 'She chided us for arriving late.');
INSERT INTO public.word_sentences (word_id, sentences) VALUES ('ee557660-2f69-41e5-ad9b-dd4d9df7591b', '''You really should have been here on time,'' she chided.');
INSERT INTO public.word_sentences (word_id, sentences) VALUES ('34f2aa4b-1ec7-4c07-bb2b-d16a87fac240', 'Tim loves tinkering with car engines.');
INSERT INTO public.word_sentences (word_id, sentences) VALUES ('b0e8bac4-c7c1-4388-9c16-9f9b84dec659', 'They expressed their repugnance at the idea.');
INSERT INTO public.word_sentences (word_id, sentences) VALUES ('b0e8bac4-c7c1-4388-9c16-9f9b84dec659', 'They felt nothing but repugnance for the group''s violent history.');
INSERT INTO public.word_sentences (word_id, sentences) VALUES ('03a0bc9a-c7cd-4135-9f91-174495842c37', 'Marley found it expedient to maintain social relationships with gunman and politicians from both political parties.');
INSERT INTO public.word_sentences (word_id, sentences) VALUES ('476d3e0b-e79f-456e-b601-25441b787659', 'The edges of the wound coalesced.');
INSERT INTO public.word_sentences (word_id, sentences) VALUES ('476d3e0b-e79f-456e-b601-25441b787659', 'The ice masses coalesced into a glacier over time');
INSERT INTO public.word_sentences (word_id, sentences) VALUES ('974d1246-7159-4b4e-acef-3d715c5b4235', 'A clamor outside woke them in the night.');
INSERT INTO public.word_sentences (word_id, sentences) VALUES ('974d1246-7159-4b4e-acef-3d715c5b4235', 'City streets filled with clamor.');
INSERT INTO public.word_sentences (word_id, sentences) VALUES ('4848716e-bdcb-457d-a5e9-8a6c4527f1fc', 'Judging by the satisfied look that settles on both men''s faces, the meal was sublime.');
INSERT INTO public.word_sentences (word_id, sentences) VALUES ('4848716e-bdcb-457d-a5e9-8a6c4527f1fc', 'Even when he is paying homeage to her sublime beauty, he cannot resist inserting himself as the man responsible for unleashing that beauty''s potency.');
INSERT INTO public.word_sentences (word_id, sentences) VALUES ('22b9ea85-49a9-4da4-8861-98c3d7604c96', 'Data suggests that the new variant prompted less profound behavioral change than previous waves.');
INSERT INTO public.word_sentences (word_id, sentences) VALUES ('22b9ea85-49a9-4da4-8861-98c3d7604c96', 'His knowledge of history is profound.');
INSERT INTO public.word_sentences (word_id, sentences) VALUES ('22b9ea85-49a9-4da4-8861-98c3d7604c96', 'The profound mysteries of outer space');
INSERT INTO public.word_sentences (word_id, sentences) VALUES ('dfd48a8d-b268-4101-a378-de9414367622', 'There are two bedrooms at the rear.');
INSERT INTO public.word_sentences (word_id, sentences) VALUES ('dfd48a8d-b268-4101-a378-de9414367622', 'the rear of the car was sleekly designed');
INSERT INTO public.word_sentences (word_id, sentences) VALUES ('75ed7c46-7355-4c45-a012-bfce4c2c5f1d', 'Each artist in the gallery has discretion over the price that will be charged for his or her work.');
INSERT INTO public.word_sentences (word_id, sentences) VALUES ('75ed7c46-7355-4c45-a012-bfce4c2c5f1d', 'The coach used his own discretion to let the injured quarterback play.');
INSERT INTO public.word_sentences (word_id, sentences) VALUES ('75ed7c46-7355-4c45-a012-bfce4c2c5f1d', 'He always uses care and discretion when dealing with others.');
INSERT INTO public.word_sentences (word_id, sentences) VALUES ('8288696d-b528-42e4-b838-67581d2e7121', 'The class is intended to demystify the process of using a computer.');
INSERT INTO public.word_sentences (word_id, sentences) VALUES ('8288696d-b528-42e4-b838-67581d2e7121', 'A wine book that does a lot to demystify the subject for the casual drinker who just wants a good bottle for dinner');
INSERT INTO public.word_sentences (word_id, sentences) VALUES ('9938b09a-b46c-4e10-bbda-0127c92350da', 'As in the sixties, being young then was in itself an empowerment; writing under Harding and Coolidge was impudent fun.');
INSERT INTO public.word_sentences (word_id, sentences) VALUES ('9938b09a-b46c-4e10-bbda-0127c92350da', 'Or it was he who was bruiting it about, with his princely dark head thrown back in impudent laughter, that he was going to be kind.');
INSERT INTO public.word_sentences (word_id, sentences) VALUES ('ed61669f-3f4b-4e8f-915e-a791efe85ff1', 'She asked for political asylum.');
INSERT INTO public.word_sentences (word_id, sentences) VALUES ('ed61669f-3f4b-4e8f-915e-a791efe85ff1', 'She was granted asylum after it was made clear that she would be killed if she returned to her native country.');
INSERT INTO public.word_sentences (word_id, sentences) VALUES ('8c0596ec-e800-4865-8541-25a594f8db9f', 'Last season''s schedule was constricted to intra-division games in an effort to confine teams geographically.');
INSERT INTO public.word_sentences (word_id, sentences) VALUES ('8c0596ec-e800-4865-8541-25a594f8db9f', 'Even if vaccines are truly necessary, why will the ETS confine the mandate to employers with 100 or more workers?');
INSERT INTO public.word_sentences (word_id, sentences) VALUES ('8b4c1639-1213-49ee-ba3f-b81d2fcebe95', 'did not want to tamper with tradition');
INSERT INTO public.word_sentences (word_id, sentences) VALUES ('8b4c1639-1213-49ee-ba3f-b81d2fcebe95', 'was charged with tampering with consumer products');
INSERT INTO public.word_sentences (word_id, sentences) VALUES ('f61d8598-6a3e-4957-a7fa-e9ea17344ab3', 'a tempting offer');
INSERT INTO public.word_sentences (word_id, sentences) VALUES ('f61d8598-6a3e-4957-a7fa-e9ea17344ab3', 'The desserts look very tempting');
INSERT INTO public.word_sentences (word_id, sentences) VALUES ('f61d8598-6a3e-4957-a7fa-e9ea17344ab3', 'It is tempting to think of him as the next American president.');
INSERT INTO public.word_sentences (word_id, sentences) VALUES ('1923b62b-38b7-4557-a9d5-4dfa346725f8', 'friends have forsaken her.');
INSERT INTO public.word_sentences (word_id, sentences) VALUES ('1923b62b-38b7-4557-a9d5-4dfa346725f8', 'forsook the theater for politics');
INSERT INTO public.word_sentences (word_id, sentences) VALUES ('a8a53ea3-21f2-44bf-8ef0-8a53a9ba9dc0', 'They taught their children to be kind and to do good deeds.');
INSERT INTO public.word_sentences (word_id, sentences) VALUES ('a8a53ea3-21f2-44bf-8ef0-8a53a9ba9dc0', 'News of their heroic deeds spread far and wide.');
INSERT INTO public.word_sentences (word_id, sentences) VALUES ('04439f1a-7f9b-4bf8-b783-ad4727dded06', 'In a poignant attempt to split the difference between the two camps, justices Breyer and David Souter tried to prevent the Court from destroying itself.');
INSERT INTO public.word_sentences (word_id, sentences) VALUES ('04439f1a-7f9b-4bf8-b783-ad4727dded06', 'The most poignant moments of the night came when Calipari spoke of Terrence Clarke, the former UK player who died earlier this year in a car accident.');
INSERT INTO public.word_sentences (word_id, sentences) VALUES ('5db1ee1b-43e0-4b96-bb10-3f130439c6a9', 'His voice resonated in the empty church.');
INSERT INTO public.word_sentences (word_id, sentences) VALUES ('5db1ee1b-43e0-4b96-bb10-3f130439c6a9', 'The building resonates with historic significance.');
INSERT INTO public.word_sentences (word_id, sentences) VALUES ('496ffa5e-55e2-4836-bc92-bd2b86215638', 'Journalists do not divulge their sources.');
INSERT INTO public.word_sentences (word_id, sentences) VALUES ('496ffa5e-55e2-4836-bc92-bd2b86215638', 'The CEO refused to divulge how much she earned.');
INSERT INTO public.word_sentences (word_id, sentences) VALUES ('f1d3a83b-78af-42cb-ac63-dfc34cb737b6', 'I didn''t want to agitate her by telling her.');
INSERT INTO public.word_sentences (word_id, sentences) VALUES ('f1d3a83b-78af-42cb-ac63-dfc34cb737b6', 'The unions continue to agitate for higher pay.');
INSERT INTO public.word_sentences (word_id, sentences) VALUES ('e22273fb-23ae-4cc6-8327-4bbd29d1fa65', 'She sat back for a minute to ponder her next move in the game.');
INSERT INTO public.word_sentences (word_id, sentences) VALUES ('3552979c-f9fa-473a-83d5-f388a5deadef', 'her budding career as a lawyer');
INSERT INTO public.word_sentences (word_id, sentences) VALUES ('3552979c-f9fa-473a-83d5-f388a5deadef', 'the budding romance between the coworkers was the talk of the office');
INSERT INTO public.word_sentences (word_id, sentences) VALUES ('26b59c3f-f7b0-4429-bb71-10c6593fce89', 'It''s been bruited about that he''s going to leave the company.');
INSERT INTO public.word_sentences (word_id, sentences) VALUES ('26b59c3f-f7b0-4429-bb71-10c6593fce89', 'word of his imminent dismissal was bruited about.');
INSERT INTO public.word_sentences (word_id, sentences) VALUES ('4b6aa1ec-1298-416d-8c1f-cc4813a237b8', 'Blatant racial and gender discrimination is just about over.');
INSERT INTO public.word_sentences (word_id, sentences) VALUES ('4b6aa1ec-1298-416d-8c1f-cc4813a237b8', 'The surcharges are particularly galling... because they seem to amount to blatant double dipping.');
INSERT INTO public.word_sentences (word_id, sentences) VALUES ('891c3316-8b90-4b16-92ac-ef25a9700323', 'A grand jury is expected to indict him for murder.');
INSERT INTO public.word_sentences (word_id, sentences) VALUES ('891c3316-8b90-4b16-92ac-ef25a9700323', 'Evidently, In the months preceding the indictments, on at least one occasion there was a heated argument inside the Office of the Promoter of Justive over whether to indict Brulhart.');
INSERT INTO public.word_sentences (word_id, sentences) VALUES ('ca523e1d-1c77-4cde-b585-f8f05eaaad38', 'The country is presently in the throes of the worst recession since the Second World War.');
INSERT INTO public.word_sentences (word_id, sentences) VALUES ('ca523e1d-1c77-4cde-b585-f8f05eaaad38', 'He''s in the throes of a mid-life crisis that makes him pretty hard to live with.');
INSERT INTO public.word_sentences (word_id, sentences) VALUES ('e3a07a46-4ddf-44d4-a582-26f87eaac9aa', 'God''s omnipotence');
INSERT INTO public.word_sentences (word_id, sentences) VALUES ('e3a07a46-4ddf-44d4-a582-26f87eaac9aa', 'He doesn''t believe in the omnipotence of science.');
INSERT INTO public.word_sentences (word_id, sentences) VALUES ('8489e353-b834-4461-83e8-88baee167ec4', 'She and Eddie had separated and reconciled so many times the children had lost track of whose clother were where.');
INSERT INTO public.word_sentences (word_id, sentences) VALUES ('8489e353-b834-4461-83e8-88baee167ec4', 'He thought they might reconcile the Parisians to his daring design by reminding them of the familiar arches of their bridges.');
INSERT INTO public.word_sentences (word_id, sentences) VALUES ('4dc02076-1ce8-40ce-8a55-7f4250271bc4', 'a nominal leader');
INSERT INTO public.word_sentences (word_id, sentences) VALUES ('4dc02076-1ce8-40ce-8a55-7f4250271bc4', 'Their review procedures were fairly nominal.');
INSERT INTO public.word_sentences (word_id, sentences) VALUES ('88ef1792-5446-487e-96f6-20406d9c9029', 'There is nothing quite so forlorn as a closed factory.');
INSERT INTO public.word_sentences (word_id, sentences) VALUES ('71747417-ea91-4796-a3aa-e74ac64ace23', 'He never escaped the infamy his crimes had earned him.');
INSERT INTO public.word_sentences (word_id, sentences) VALUES ('71747417-ea91-4796-a3aa-e74ac64ace23', 'despite her eventual pardons, she could never completely free herself of the infamy of being named a war criminal.');
INSERT INTO public.word_sentences (word_id, sentences) VALUES ('492e060c-9aa4-4495-9e61-7604396cc3a0', 'accepted the invitation with alacrity.');
INSERT INTO public.word_sentences (word_id, sentences) VALUES ('fe58474c-bae6-4082-bed0-bd08720be1f2', 'They decided to spend the weekend varnishing their boat.');
INSERT INTO public.word_sentences (word_id, sentences) VALUES ('bda5fb6c-ff7d-415f-82c6-5454fc006a83', 'Called behavioral ecology, it starts from the premise that social and environmental forces select for various behaviors that optimize people''s fitness in a given environment. Different environment, different behaviors.');
INSERT INTO public.word_sentences (word_id, sentences) VALUES ('bda5fb6c-ff7d-415f-82c6-5454fc006a83', 'Although the Voting Rights Act served, in some measure, to formalize the notion of racial representation, its consequences undermined premise -that a transparency of interests existed between the representative and represented.');
INSERT INTO public.word_sentences (word_id, sentences) VALUES ('25f2a9db-982a-4015-ac0f-27a3bb67048f', 'Their journey was hindered by snow and high winds.');
INSERT INTO public.word_sentences (word_id, sentences) VALUES ('25f2a9db-982a-4015-ac0f-27a3bb67048f', 'economic growth hindered by sanctions.');
INSERT INTO public.word_sentences (word_id, sentences) VALUES ('25f2a9db-982a-4015-ac0f-27a3bb67048f', 'His financial troubles hindered him from buying a home.');
INSERT INTO public.word_sentences (word_id, sentences) VALUES ('c8e06366-f076-4778-881f-bec5d3e53127', 'rousing and exalting the imagination.');
INSERT INTO public.word_sentences (word_id, sentences) VALUES ('c8e06366-f076-4778-881f-bec5d3e53127', 'His behavior has exalted the power and prestige of his office.');
INSERT INTO public.word_sentences (word_id, sentences) VALUES ('c8e06366-f076-4778-881f-bec5d3e53127', 'The essay exalts the simple beauty of the country.');
INSERT INTO public.word_sentences (word_id, sentences) VALUES ('22e71fef-c4be-49d3-a5a8-ce72d1891f1f', 'geochemistry is a recondite subject');
INSERT INTO public.word_sentences (word_id, sentences) VALUES ('22e71fef-c4be-49d3-a5a8-ce72d1891f1f', 'For students drowning in recondite texts about feminism, media and Marxism, Kruger''s work cut through the theoretical verbiage with razor-sharp epigrams.');
INSERT INTO public.word_sentences (word_id, sentences) VALUES ('3c645c59-1764-46fc-97b8-39943d6adac9', 'In the process of taking down the Christmas tree, we managed to entangle the tring of lights into a hopeless mess of wires');
INSERT INTO public.word_sentences (word_id, sentences) VALUES ('3c645c59-1764-46fc-97b8-39943d6adac9', 'the young runaway gradually became entangled in a web of lies');
INSERT INTO public.word_sentences (word_id, sentences) VALUES ('3d81b6f5-9d85-4574-829c-0f1b4437b76b', 'Is there any prospect of the weather improving?');
INSERT INTO public.word_sentences (word_id, sentences) VALUES ('3d81b6f5-9d85-4574-829c-0f1b4437b76b', 'There seems little prospect of an end to the dispute.');
INSERT INTO public.word_sentences (word_id, sentences) VALUES ('7b860f3a-4f78-4467-ab84-952cbd41c997', 'I wince, feigning interest in a TV Guid and mumbling a hello.');
INSERT INTO public.word_sentences (word_id, sentences) VALUES ('7b860f3a-4f78-4467-ab84-952cbd41c997', 'Republicans only really feign concern over the deficit when Democrats are in power.');
INSERT INTO public.word_sentences (word_id, sentences) VALUES ('7b860f3a-4f78-4467-ab84-952cbd41c997', 'In other cases, officers were encouraged not to show up to testify at traffic court, or to feign amnesia on the stand.');
INSERT INTO public.word_sentences (word_id, sentences) VALUES ('cc0b16f1-021b-42ac-8835-20c88196c0ad', 'His poetry conveys a great sense of religious devotion.');
INSERT INTO public.word_sentences (word_id, sentences) VALUES ('cc0b16f1-021b-42ac-8835-20c88196c0ad', 'Please convey our condolences to the family.');
INSERT INTO public.word_sentences (word_id, sentences) VALUES ('cc0b16f1-021b-42ac-8835-20c88196c0ad', 'You don''t want to convey the impression that we''re not interested.');
INSERT INTO public.word_sentences (word_id, sentences) VALUES ('365d617b-1558-45b1-adcc-161df52d274f', 'The hostages'' ordeal came to an end when soldiers stormed the building.');
INSERT INTO public.word_sentences (word_id, sentences) VALUES ('365d617b-1558-45b1-adcc-161df52d274f', 'Her seven-month stay in the hospital was quite an ordeal.');
INSERT INTO public.word_sentences (word_id, sentences) VALUES ('02e6f83b-bae0-4916-b15d-7c36f52ad1a0', 'books pertaining to the country''s history');
INSERT INTO public.word_sentences (word_id, sentences) VALUES ('02e6f83b-bae0-4916-b15d-7c36f52ad1a0', 'the belief that quality medical care is a right that pertains to everyone');
INSERT INTO public.word_sentences (word_id, sentences) VALUES ('987d1f40-2602-43dd-bd70-7b2c637fc09e', 'the seams of a boat');
INSERT INTO public.word_sentences (word_id, sentences) VALUES ('987d1f40-2602-43dd-bd70-7b2c637fc09e', 'Once all burritos have been fileed and rolled, return to dry skillet, seam side down, to seal and toast to a golden brown color.');
INSERT INTO public.word_sentences (word_id, sentences) VALUES ('987d1f40-2602-43dd-bd70-7b2c637fc09e', 'found a seam in the zone defense');
INSERT INTO public.word_sentences (word_id, sentences) VALUES ('853937c8-a734-4fc7-a3ef-b41114cb700b', 'The union''s size gave it leverage in the labor contract negotiations.');
INSERT INTO public.word_sentences (word_id, sentences) VALUES ('853937c8-a734-4fc7-a3ef-b41114cb700b', 'The player''s popularity has given him a great deal of leverage with the owners of the team.');
INSERT INTO public.word_sentences (word_id, sentences) VALUES ('42d1918a-52e5-4fa2-966f-d64f7a96ce87', 'the last degenerate member of a noble family');
INSERT INTO public.word_sentences (word_id, sentences) VALUES ('42d1918a-52e5-4fa2-966f-d64f7a96ce87', '');
INSERT INTO public.word_sentences (word_id, sentences) VALUES ('7662bb8b-95b7-4c19-9ccf-ad3f6089a17e', 'a confidential clerk');
INSERT INTO public.word_sentences (word_id, sentences) VALUES ('7662bb8b-95b7-4c19-9ccf-ad3f6089a17e', 'confidential information');
INSERT INTO public.word_sentences (word_id, sentences) VALUES ('7662bb8b-95b7-4c19-9ccf-ad3f6089a17e', 'These documents are completely confidential.');
INSERT INTO public.word_sentences (word_id, sentences) VALUES ('30dbdfa5-47bf-4ba3-b612-b70edcdca547', 'a subsidiary role/factor');
INSERT INTO public.word_sentences (word_id, sentences) VALUES ('30dbdfa5-47bf-4ba3-b612-b70edcdca547', 'All the major record companies had subsidiary labels under their control.');
INSERT INTO public.word_sentences (word_id, sentences) VALUES ('4545b40a-f38d-462c-993f-c3166f177586', 'An invisible line has carved through this South Coast city for a decade leaving its southern edge in one congressional district, its northern neighborhoods in another, and critics argue, its political influence split asunder between the two.');
INSERT INTO public.word_sentences (word_id, sentences) VALUES ('27167d6a-0e8d-480e-9e92-548b052d79fe', '...invited visitors to play a game in which points are awarded to those who predict the demise of yet another overhyped dot-com.');
INSERT INTO public.word_sentences (word_id, sentences) VALUES ('27167d6a-0e8d-480e-9e92-548b052d79fe', 'This elegant little book is essential reading for anyone interested in the demise, the terminal silliness, of our culture.');
INSERT INTO public.word_sentences (word_id, sentences) VALUES ('74a52231-0363-4786-a2a9-f9d4e18bcc1e', '...under Orton''s own companionable charm there was something hard and callous, the result no doubt of a loveless upbringing...');
INSERT INTO public.word_sentences (word_id, sentences) VALUES ('74a52231-0363-4786-a2a9-f9d4e18bcc1e', '...the scenes involving the snotty, callous dean ring false right from the start...');
INSERT INTO public.word_sentences (word_id, sentences) VALUES ('6ae6bdf5-6653-48e6-b11d-58bc7bf934bb', 'The governor debased himself by lying to the public.');
INSERT INTO public.word_sentences (word_id, sentences) VALUES ('6ae6bdf5-6653-48e6-b11d-58bc7bf934bb', 'The holiday has been debased by commercialism.');
INSERT INTO public.word_sentences (word_id, sentences) VALUES ('0a73a9be-0202-4b09-822e-d8feaaa90787', 'She has worked at such venerable institutions as Boston''s Museum of Fine Arts and the Metropolitan Art Museum in New York.');
INSERT INTO public.word_sentences (word_id, sentences) VALUES ('ca6cd98d-d8f2-4c33-80e7-3b9084f00600', 'He was soaked to the bone but completely unscathed.');
INSERT INTO public.word_sentences (word_id, sentences) VALUES ('ca6cd98d-d8f2-4c33-80e7-3b9084f00600', 'Unfortunately, a fire truck is headed in the opposite direction, toward the blazing house, where the brave firefighters will soon free a surprisingly unscathed Michael from the flames and pay for it with their lives.');
INSERT INTO public.word_sentences (word_id, sentences) VALUES ('3c6b0a51-55be-48e7-bf11-33a45ee0bc88', 'She was frowned at me, clearly annoyed.');
INSERT INTO public.word_sentences (word_id, sentences) VALUES ('3c6b0a51-55be-48e7-bf11-33a45ee0bc88', 'He frowned as he read the instructions, as if puzzled.');
INSERT INTO public.word_sentences (word_id, sentences) VALUES ('6c613b4a-d6a4-4b6e-aa65-98790347f901', 'a blood clot had occluded a major artery in his body');
INSERT INTO public.word_sentences (word_id, sentences) VALUES ('6c613b4a-d6a4-4b6e-aa65-98790347f901', 'But the prying eyes of commercial banks looking to occlude bank accounts with incriminating evidence of crypto transactions scare traders more');
INSERT INTO public.word_sentences (word_id, sentences) VALUES ('bb2efe7b-3b69-4cfb-a9b9-e3b7ba92c85d', 'selling overpriced souvenirs to gullible tourists.');
INSERT INTO public.word_sentences (word_id, sentences) VALUES ('bb2efe7b-3b69-4cfb-a9b9-e3b7ba92c85d', 'I''m not gullible enough to believe something that outrageous.');
INSERT INTO public.word_sentences (word_id, sentences) VALUES ('833f82a4-e3f5-47e3-b80e-f27ffc07aaef', 'The movement was then preempted by a lunatic fringe');
INSERT INTO public.word_sentences (word_id, sentences) VALUES ('833f82a4-e3f5-47e3-b80e-f27ffc07aaef', 'The program did not appear, having been preempted by a baseball game');
INSERT INTO public.word_sentences (word_id, sentences) VALUES ('4fde5db4-864f-4035-86c0-41fecf525196', 'These stretching exercises can help elongate your leg muscles.');
INSERT INTO public.word_sentences (word_id, sentences) VALUES ('4fde5db4-864f-4035-86c0-41fecf525196', 'New medical procedures have elongated the careers of many athletes.');
INSERT INTO public.word_sentences (word_id, sentences) VALUES ('988faa4a-9f5e-4308-b053-75131d130e98', 'They had turned to an open adoption after pursuing infertility treatments for 18 years, and the birth mother had agreed to relinquish custody at the hospital.');
INSERT INTO public.word_sentences (word_id, sentences) VALUES ('988faa4a-9f5e-4308-b053-75131d130e98', 'She was forced to relinquish control of the project.');
INSERT INTO public.word_sentences (word_id, sentences) VALUES ('e5c16ad5-239b-45d3-aa06-a757cbe32280', 'You''re bound to forget people''s names occasionally.');
INSERT INTO public.word_sentences (word_id, sentences) VALUES ('e5c16ad5-239b-45d3-aa06-a757cbe32280', 'These two young musicians are bound for international success.');
INSERT INTO public.word_sentences (word_id, sentences) VALUES ('e5c16ad5-239b-45d3-aa06-a757cbe32280', 'They are bound and determined to build their own house someday.');
INSERT INTO public.word_sentences (word_id, sentences) VALUES ('e5c16ad5-239b-45d3-aa06-a757cbe32280', 'The state is bounded on its easy by the Connecticut River.');
INSERT INTO public.word_sentences (word_id, sentences) VALUES ('2c24e3f5-4331-48b9-a673-5ba0ffb76e18', 'The budget proposal was adopted at the mayor''s behest.');
INSERT INTO public.word_sentences (word_id, sentences) VALUES ('2c24e3f5-4331-48b9-a673-5ba0ffb76e18', 'Congress adopted the budget resolution at the behest of the president.');
INSERT INTO public.word_sentences (word_id, sentences) VALUES ('75d3b2dd-1a0e-4e25-a31e-da7366ee438d', 'The virus debilitate the body''s immune system.');
INSERT INTO public.word_sentences (word_id, sentences) VALUES ('75d3b2dd-1a0e-4e25-a31e-da7366ee438d', 'the heart surgery debilitated the college athlete beyond his worst fears');
INSERT INTO public.word_sentences (word_id, sentences) VALUES ('75d3b2dd-1a0e-4e25-a31e-da7366ee438d', 'The flu does not knock you down and debilitate you like COVID-19');
INSERT INTO public.word_sentences (word_id, sentences) VALUES ('65e88d9b-e1f2-4511-85c2-56777bfa6b84', 'He agreed to the interview, with the caveat that he could approve the final article.');
INSERT INTO public.word_sentences (word_id, sentences) VALUES ('4c67b28e-6c56-4ff7-9997-a21f09648d21', 'In all three populations roughly four-fifths retained the same structure between registers.');
INSERT INTO public.word_sentences (word_id, sentences) VALUES ('81a659e0-6ab1-4aee-8827-f79b41bb5f39', 'This reflects wrong thinking fundamentally on the nature of matrimony.');
INSERT INTO public.word_sentences (word_id, sentences) VALUES ('5b0bce95-acde-4650-8166-eeb17d1e9da2', 'He was looking for a quiet, submissive wife who would obey his every word.');
INSERT INTO public.word_sentences (word_id, sentences) VALUES ('5b0bce95-acde-4650-8166-eeb17d1e9da2', 'In the presence of older birds, the younger eagles tend to be submissive.');
INSERT INTO public.word_sentences (word_id, sentences) VALUES ('6b96acd8-45f8-458b-8dd0-c84c17f8a7a1', 'She proclaimed that she will run for governor.');
INSERT INTO public.word_sentences (word_id, sentences) VALUES ('6b96acd8-45f8-458b-8dd0-c84c17f8a7a1', 'The President proclaimed a national day of mourning.');
INSERT INTO public.word_sentences (word_id, sentences) VALUES ('86528a08-88b7-4e04-adf9-65aeadfb2c9a', 'an imperious little boy who liked to tell the other scouts what to do');
INSERT INTO public.word_sentences (word_id, sentences) VALUES ('86528a08-88b7-4e04-adf9-65aeadfb2c9a', 'an imperious movie star who thinks she''s some sort of goddess');
INSERT INTO public.word_sentences (word_id, sentences) VALUES ('4017d565-14b5-46f5-9d36-e43d23b458cc', 'He gave me directions to his house, but I found them utterly bewildering.');
INSERT INTO public.word_sentences (word_id, sentences) VALUES ('4017d565-14b5-46f5-9d36-e43d23b458cc', 'The college offers a bewildering range of courses.');
INSERT INTO public.word_sentences (word_id, sentences) VALUES ('c29a9b26-5235-4093-a1f7-821b7735a0ff', 'She scribbled some notes in her book.');
INSERT INTO public.word_sentences (word_id, sentences) VALUES ('c29a9b26-5235-4093-a1f7-821b7735a0ff', 'I can guess what he is scribbling.');
INSERT INTO public.word_sentences (word_id, sentences) VALUES ('73d8c390-cff8-4c0a-858a-1c1867a5b0f1', 'That was an entirely different era; today''s aberrant behaviour leans more toward gaudy showmanship and chest-thumping proclamations.');
INSERT INTO public.word_sentences (word_id, sentences) VALUES ('9c6c393d-2ffc-45c7-9e24-3fde1f7ff20b', 'Everyone rejoiced at the news of his safe return.');
INSERT INTO public.word_sentences (word_id, sentences) VALUES ('9c6c393d-2ffc-45c7-9e24-3fde1f7ff20b', 'She rejoiced in her good fortune.');
INSERT INTO public.word_sentences (word_id, sentences) VALUES ('26f75a63-940b-49d1-ba91-b05ebaea5b98', 'The prospect of so much work filled him with consternation.');
INSERT INTO public.word_sentences (word_id, sentences) VALUES ('26f75a63-940b-49d1-ba91-b05ebaea5b98', 'To his consternation, when he got to the airport he found he''d forgotton his passport.');
INSERT INTO public.word_sentences (word_id, sentences) VALUES ('4e862e08-804e-40fb-bed9-7c4f5b0e475e', 'interrogate a prisoner of war');
INSERT INTO public.word_sentences (word_id, sentences) VALUES ('4e862e08-804e-40fb-bed9-7c4f5b0e475e', 'interrogated him about where he''d gone the night before');
INSERT INTO public.word_sentences (word_id, sentences) VALUES ('4e862e08-804e-40fb-bed9-7c4f5b0e475e', 'With these estimates in mind, interrogate the feelings that emerge.');
INSERT INTO public.word_sentences (word_id, sentences) VALUES ('34d63f7e-06ce-41a6-925b-f4c9a8d5d26f', 'Will you two stop bickering!');
INSERT INTO public.word_sentences (word_id, sentences) VALUES ('34d63f7e-06ce-41a6-925b-f4c9a8d5d26f', 'They''re always bickering with each other about/over their personal problems.');


--
-- TOC entry 3385 (class 0 OID 16660)
-- Dependencies: 222
-- Data for Name: word_synonyms; Type: TABLE DATA; Schema: public; Owner: postgres
--

INSERT INTO public.word_synonyms (word_id, synonyms) VALUES ('febd3eaa-5564-4740-8d98-6c957587cf47', 'struggle');
INSERT INTO public.word_synonyms (word_id, synonyms) VALUES ('febd3eaa-5564-4740-8d98-6c957587cf47', 'compete');
INSERT INTO public.word_synonyms (word_id, synonyms) VALUES ('febd3eaa-5564-4740-8d98-6c957587cf47', 'battle');
INSERT INTO public.word_synonyms (word_id, synonyms) VALUES ('febd3eaa-5564-4740-8d98-6c957587cf47', 'fight');
INSERT INTO public.word_synonyms (word_id, synonyms) VALUES ('d2584b62-8d35-42cd-b7d9-0ac2d558f65a', 'everlasting');
INSERT INTO public.word_synonyms (word_id, synonyms) VALUES ('d2584b62-8d35-42cd-b7d9-0ac2d558f65a', 'eternal');
INSERT INTO public.word_synonyms (word_id, synonyms) VALUES ('d2584b62-8d35-42cd-b7d9-0ac2d558f65a', 'endless');
INSERT INTO public.word_synonyms (word_id, synonyms) VALUES ('94fb8ea7-2cb2-4262-bbfc-5ba76736038f', 'award');
INSERT INTO public.word_synonyms (word_id, synonyms) VALUES ('94fb8ea7-2cb2-4262-bbfc-5ba76736038f', 'commendation');
INSERT INTO public.word_synonyms (word_id, synonyms) VALUES ('94fb8ea7-2cb2-4262-bbfc-5ba76736038f', 'hymn');
INSERT INTO public.word_synonyms (word_id, synonyms) VALUES ('cfc07696-bbc2-481a-a809-01a96cd34935', 'civil');
INSERT INTO public.word_synonyms (word_id, synonyms) VALUES ('cfc07696-bbc2-481a-a809-01a96cd34935', 'amiable');
INSERT INTO public.word_synonyms (word_id, synonyms) VALUES ('cfc07696-bbc2-481a-a809-01a96cd34935', 'cordial');
INSERT INTO public.word_synonyms (word_id, synonyms) VALUES ('cfc07696-bbc2-481a-a809-01a96cd34935', 'courteous');
INSERT INTO public.word_synonyms (word_id, synonyms) VALUES ('cfc07696-bbc2-481a-a809-01a96cd34935', 'neighborly');
INSERT INTO public.word_synonyms (word_id, synonyms) VALUES ('289ee1a2-6f03-4b80-854d-37b75f417dc0', 'abstain');
INSERT INTO public.word_synonyms (word_id, synonyms) VALUES ('289ee1a2-6f03-4b80-854d-37b75f417dc0', 'avoid');
INSERT INTO public.word_synonyms (word_id, synonyms) VALUES ('289ee1a2-6f03-4b80-854d-37b75f417dc0', 'cease');
INSERT INTO public.word_synonyms (word_id, synonyms) VALUES ('289ee1a2-6f03-4b80-854d-37b75f417dc0', 'resist');
INSERT INTO public.word_synonyms (word_id, synonyms) VALUES ('289ee1a2-6f03-4b80-854d-37b75f417dc0', 'renounce');
INSERT INTO public.word_synonyms (word_id, synonyms) VALUES ('3d835b28-1231-457a-8a64-2cda90a5f37c', 'looming');
INSERT INTO public.word_synonyms (word_id, synonyms) VALUES ('3d835b28-1231-457a-8a64-2cda90a5f37c', 'pending');
INSERT INTO public.word_synonyms (word_id, synonyms) VALUES ('3d835b28-1231-457a-8a64-2cda90a5f37c', 'threatening');
INSERT INTO public.word_synonyms (word_id, synonyms) VALUES ('6866972a-657a-40af-b85a-bb6da486b3b3', 'bash on');
INSERT INTO public.word_synonyms (word_id, synonyms) VALUES ('6866972a-657a-40af-b85a-bb6da486b3b3', 'run');
INSERT INTO public.word_synonyms (word_id, synonyms) VALUES ('6866972a-657a-40af-b85a-bb6da486b3b3', 'drag');
INSERT INTO public.word_synonyms (word_id, synonyms) VALUES ('6866972a-657a-40af-b85a-bb6da486b3b3', 'cease');
INSERT INTO public.word_synonyms (word_id, synonyms) VALUES ('943230f8-d377-4b0b-8c04-5f0339b3a2cb', 'baby');
INSERT INTO public.word_synonyms (word_id, synonyms) VALUES ('943230f8-d377-4b0b-8c04-5f0339b3a2cb', 'indulge');
INSERT INTO public.word_synonyms (word_id, synonyms) VALUES ('943230f8-d377-4b0b-8c04-5f0339b3a2cb', 'humor');
INSERT INTO public.word_synonyms (word_id, synonyms) VALUES ('943230f8-d377-4b0b-8c04-5f0339b3a2cb', 'nurse');
INSERT INTO public.word_synonyms (word_id, synonyms) VALUES ('f9d15829-2995-44b8-baee-e22880fedd91', 'damaging');
INSERT INTO public.word_synonyms (word_id, synonyms) VALUES ('f9d15829-2995-44b8-baee-e22880fedd91', 'dangerous');
INSERT INTO public.word_synonyms (word_id, synonyms) VALUES ('f9d15829-2995-44b8-baee-e22880fedd91', 'deadly');
INSERT INTO public.word_synonyms (word_id, synonyms) VALUES ('f9d15829-2995-44b8-baee-e22880fedd91', 'destructive');
INSERT INTO public.word_synonyms (word_id, synonyms) VALUES ('f9d15829-2995-44b8-baee-e22880fedd91', 'detrimental');
INSERT INTO public.word_synonyms (word_id, synonyms) VALUES ('f9d15829-2995-44b8-baee-e22880fedd91', 'lethal');
INSERT INTO public.word_synonyms (word_id, synonyms) VALUES ('f9d15829-2995-44b8-baee-e22880fedd91', 'harmful');
INSERT INTO public.word_synonyms (word_id, synonyms) VALUES ('33a9b071-2b75-4e87-b630-c4d62810863c', 'blench');
INSERT INTO public.word_synonyms (word_id, synonyms) VALUES ('33a9b071-2b75-4e87-b630-c4d62810863c', 'dull');
INSERT INTO public.word_synonyms (word_id, synonyms) VALUES ('33a9b071-2b75-4e87-b630-c4d62810863c', 'fade');
INSERT INTO public.word_synonyms (word_id, synonyms) VALUES ('6e1edbbf-24de-4276-bde7-a1338f828fd6', 'abominate');
INSERT INTO public.word_synonyms (word_id, synonyms) VALUES ('6e1edbbf-24de-4276-bde7-a1338f828fd6', 'detest');
INSERT INTO public.word_synonyms (word_id, synonyms) VALUES ('6e1edbbf-24de-4276-bde7-a1338f828fd6', 'loathe');
INSERT INTO public.word_synonyms (word_id, synonyms) VALUES ('e24fe190-66c4-4923-ac4b-2e98d95e36e4', 'corrupt');
INSERT INTO public.word_synonyms (word_id, synonyms) VALUES ('e24fe190-66c4-4923-ac4b-2e98d95e36e4', 'debase');
INSERT INTO public.word_synonyms (word_id, synonyms) VALUES ('e24fe190-66c4-4923-ac4b-2e98d95e36e4', 'demoralize');
INSERT INTO public.word_synonyms (word_id, synonyms) VALUES ('e24fe190-66c4-4923-ac4b-2e98d95e36e4', 'poison');
INSERT INTO public.word_synonyms (word_id, synonyms) VALUES ('e24fe190-66c4-4923-ac4b-2e98d95e36e4', 'profane');
INSERT INTO public.word_synonyms (word_id, synonyms) VALUES ('acebb5cf-48d3-44fc-8199-bb8044d061b2', 'affable');
INSERT INTO public.word_synonyms (word_id, synonyms) VALUES ('acebb5cf-48d3-44fc-8199-bb8044d061b2', 'good-natured');
INSERT INTO public.word_synonyms (word_id, synonyms) VALUES ('acebb5cf-48d3-44fc-8199-bb8044d061b2', 'gracious');
INSERT INTO public.word_synonyms (word_id, synonyms) VALUES ('acebb5cf-48d3-44fc-8199-bb8044d061b2', 'mellow');
INSERT INTO public.word_synonyms (word_id, synonyms) VALUES ('acebb5cf-48d3-44fc-8199-bb8044d061b2', 'sweet');
INSERT INTO public.word_synonyms (word_id, synonyms) VALUES ('2e890c4d-e3ef-4342-a623-872047fa1865', 'condense');
INSERT INTO public.word_synonyms (word_id, synonyms) VALUES ('2e890c4d-e3ef-4342-a623-872047fa1865', 'extract');
INSERT INTO public.word_synonyms (word_id, synonyms) VALUES ('2e890c4d-e3ef-4342-a623-872047fa1865', 'infuse');
INSERT INTO public.word_synonyms (word_id, synonyms) VALUES ('2e890c4d-e3ef-4342-a623-872047fa1865', 'refine');
INSERT INTO public.word_synonyms (word_id, synonyms) VALUES ('acb2f9cc-e711-4f60-af46-a9d3ce1b8014', 'acclaim');
INSERT INTO public.word_synonyms (word_id, synonyms) VALUES ('acb2f9cc-e711-4f60-af46-a9d3ce1b8014', 'applaud');
INSERT INTO public.word_synonyms (word_id, synonyms) VALUES ('acb2f9cc-e711-4f60-af46-a9d3ce1b8014', 'celebrate');
INSERT INTO public.word_synonyms (word_id, synonyms) VALUES ('acb2f9cc-e711-4f60-af46-a9d3ce1b8014', 'commend');
INSERT INTO public.word_synonyms (word_id, synonyms) VALUES ('acb2f9cc-e711-4f60-af46-a9d3ce1b8014', 'exalt');
INSERT INTO public.word_synonyms (word_id, synonyms) VALUES ('987a58bf-3c20-4507-a781-eec26cff4f01', 'ignition');
INSERT INTO public.word_synonyms (word_id, synonyms) VALUES ('987a58bf-3c20-4507-a781-eec26cff4f01', 'kindling');
INSERT INTO public.word_synonyms (word_id, synonyms) VALUES ('987a58bf-3c20-4507-a781-eec26cff4f01', 'agitation');
INSERT INTO public.word_synonyms (word_id, synonyms) VALUES ('987a58bf-3c20-4507-a781-eec26cff4f01', 'disturbance');
INSERT INTO public.word_synonyms (word_id, synonyms) VALUES ('316efa33-872e-4623-9f2e-df78062241fd', '');
INSERT INTO public.word_synonyms (word_id, synonyms) VALUES ('0dca143e-8982-40af-bd4f-64e3cd0fca63', 'meander');
INSERT INTO public.word_synonyms (word_id, synonyms) VALUES ('0dca143e-8982-40af-bd4f-64e3cd0fca63', 'roam');
INSERT INTO public.word_synonyms (word_id, synonyms) VALUES ('0dca143e-8982-40af-bd4f-64e3cd0fca63', 'ramble');
INSERT INTO public.word_synonyms (word_id, synonyms) VALUES ('0dca143e-8982-40af-bd4f-64e3cd0fca63', 'depart');
INSERT INTO public.word_synonyms (word_id, synonyms) VALUES ('d9ef9cb7-31e9-4628-bc62-c1b9778778c2', 'deflect');
INSERT INTO public.word_synonyms (word_id, synonyms) VALUES ('d9ef9cb7-31e9-4628-bc62-c1b9778778c2', 'distract');
INSERT INTO public.word_synonyms (word_id, synonyms) VALUES ('d9ef9cb7-31e9-4628-bc62-c1b9778778c2', 'amuse');
INSERT INTO public.word_synonyms (word_id, synonyms) VALUES ('d9ef9cb7-31e9-4628-bc62-c1b9778778c2', 'disport');
INSERT INTO public.word_synonyms (word_id, synonyms) VALUES ('d9ef9cb7-31e9-4628-bc62-c1b9778778c2', 'entertain');
INSERT INTO public.word_synonyms (word_id, synonyms) VALUES ('d9ef9cb7-31e9-4628-bc62-c1b9778778c2', 'solace');
INSERT INTO public.word_synonyms (word_id, synonyms) VALUES ('71366083-b515-4ac8-ba69-116911fcada7', 'fiber');
INSERT INTO public.word_synonyms (word_id, synonyms) VALUES ('71366083-b515-4ac8-ba69-116911fcada7', 'filament');
INSERT INTO public.word_synonyms (word_id, synonyms) VALUES ('71366083-b515-4ac8-ba69-116911fcada7', 'rope');
INSERT INTO public.word_synonyms (word_id, synonyms) VALUES ('71366083-b515-4ac8-ba69-116911fcada7', 'string');
INSERT INTO public.word_synonyms (word_id, synonyms) VALUES ('71366083-b515-4ac8-ba69-116911fcada7', 'length');
INSERT INTO public.word_synonyms (word_id, synonyms) VALUES ('71366083-b515-4ac8-ba69-116911fcada7', 'lock');
INSERT INTO public.word_synonyms (word_id, synonyms) VALUES ('084036ee-4f42-4204-902a-fda4c5d41c91', 'ephemeral');
INSERT INTO public.word_synonyms (word_id, synonyms) VALUES ('084036ee-4f42-4204-902a-fda4c5d41c91', 'fleeting');
INSERT INTO public.word_synonyms (word_id, synonyms) VALUES ('084036ee-4f42-4204-902a-fda4c5d41c91', 'short-term');
INSERT INTO public.word_synonyms (word_id, synonyms) VALUES ('084036ee-4f42-4204-902a-fda4c5d41c91', 'transitory');
INSERT INTO public.word_synonyms (word_id, synonyms) VALUES ('084036ee-4f42-4204-902a-fda4c5d41c91', 'brief');
INSERT INTO public.word_synonyms (word_id, synonyms) VALUES ('ee557660-2f69-41e5-ad9b-dd4d9df7591b', 'reprove');
INSERT INTO public.word_synonyms (word_id, synonyms) VALUES ('ee557660-2f69-41e5-ad9b-dd4d9df7591b', 'reprimand');
INSERT INTO public.word_synonyms (word_id, synonyms) VALUES ('ee557660-2f69-41e5-ad9b-dd4d9df7591b', 'admonish');
INSERT INTO public.word_synonyms (word_id, synonyms) VALUES ('34f2aa4b-1ec7-4c07-bb2b-d16a87fac240', 'dabble');
INSERT INTO public.word_synonyms (word_id, synonyms) VALUES ('34f2aa4b-1ec7-4c07-bb2b-d16a87fac240', 'mess with');
INSERT INTO public.word_synonyms (word_id, synonyms) VALUES ('34f2aa4b-1ec7-4c07-bb2b-d16a87fac240', 'doodle');
INSERT INTO public.word_synonyms (word_id, synonyms) VALUES ('34f2aa4b-1ec7-4c07-bb2b-d16a87fac240', 'play');
INSERT INTO public.word_synonyms (word_id, synonyms) VALUES ('b0e8bac4-c7c1-4388-9c16-9f9b84dec659', 'aversion');
INSERT INTO public.word_synonyms (word_id, synonyms) VALUES ('b0e8bac4-c7c1-4388-9c16-9f9b84dec659', 'disgust');
INSERT INTO public.word_synonyms (word_id, synonyms) VALUES ('b0e8bac4-c7c1-4388-9c16-9f9b84dec659', 'horror');
INSERT INTO public.word_synonyms (word_id, synonyms) VALUES ('b0e8bac4-c7c1-4388-9c16-9f9b84dec659', 'loathing');
INSERT INTO public.word_synonyms (word_id, synonyms) VALUES ('03a0bc9a-c7cd-4135-9f91-174495842c37', 'advisable');
INSERT INTO public.word_synonyms (word_id, synonyms) VALUES ('03a0bc9a-c7cd-4135-9f91-174495842c37', 'desirable');
INSERT INTO public.word_synonyms (word_id, synonyms) VALUES ('03a0bc9a-c7cd-4135-9f91-174495842c37', 'prudent');
INSERT INTO public.word_synonyms (word_id, synonyms) VALUES ('476d3e0b-e79f-456e-b601-25441b787659', 'assocaiate');
INSERT INTO public.word_synonyms (word_id, synonyms) VALUES ('476d3e0b-e79f-456e-b601-25441b787659', 'combine');
INSERT INTO public.word_synonyms (word_id, synonyms) VALUES ('476d3e0b-e79f-456e-b601-25441b787659', 'conjoin');
INSERT INTO public.word_synonyms (word_id, synonyms) VALUES ('476d3e0b-e79f-456e-b601-25441b787659', 'connect');
INSERT INTO public.word_synonyms (word_id, synonyms) VALUES ('476d3e0b-e79f-456e-b601-25441b787659', 'link');
INSERT INTO public.word_synonyms (word_id, synonyms) VALUES ('974d1246-7159-4b4e-acef-3d715c5b4235', 'howl');
INSERT INTO public.word_synonyms (word_id, synonyms) VALUES ('974d1246-7159-4b4e-acef-3d715c5b4235', 'noise');
INSERT INTO public.word_synonyms (word_id, synonyms) VALUES ('974d1246-7159-4b4e-acef-3d715c5b4235', 'outcry');
INSERT INTO public.word_synonyms (word_id, synonyms) VALUES ('974d1246-7159-4b4e-acef-3d715c5b4235', 'roar');
INSERT INTO public.word_synonyms (word_id, synonyms) VALUES ('4848716e-bdcb-457d-a5e9-8a6c4527f1fc', 'supreme');
INSERT INTO public.word_synonyms (word_id, synonyms) VALUES ('4848716e-bdcb-457d-a5e9-8a6c4527f1fc', 'complete');
INSERT INTO public.word_synonyms (word_id, synonyms) VALUES ('4848716e-bdcb-457d-a5e9-8a6c4527f1fc', 'utter');
INSERT INTO public.word_synonyms (word_id, synonyms) VALUES ('4848716e-bdcb-457d-a5e9-8a6c4527f1fc', 'splendid');
INSERT INTO public.word_synonyms (word_id, synonyms) VALUES ('22b9ea85-49a9-4da4-8861-98c3d7604c96', 'abstruse');
INSERT INTO public.word_synonyms (word_id, synonyms) VALUES ('22b9ea85-49a9-4da4-8861-98c3d7604c96', 'deep');
INSERT INTO public.word_synonyms (word_id, synonyms) VALUES ('22b9ea85-49a9-4da4-8861-98c3d7604c96', 'esoteric');
INSERT INTO public.word_synonyms (word_id, synonyms) VALUES ('22b9ea85-49a9-4da4-8861-98c3d7604c96', 'recondite');
INSERT INTO public.word_synonyms (word_id, synonyms) VALUES ('dfd48a8d-b268-4101-a378-de9414367622', 'back');
INSERT INTO public.word_synonyms (word_id, synonyms) VALUES ('dfd48a8d-b268-4101-a378-de9414367622', 'reverse');
INSERT INTO public.word_synonyms (word_id, synonyms) VALUES ('dfd48a8d-b268-4101-a378-de9414367622', 'tail');
INSERT INTO public.word_synonyms (word_id, synonyms) VALUES ('75ed7c46-7355-4c45-a012-bfce4c2c5f1d', 'attention');
INSERT INTO public.word_synonyms (word_id, synonyms) VALUES ('75ed7c46-7355-4c45-a012-bfce4c2c5f1d', 'foresight');
INSERT INTO public.word_synonyms (word_id, synonyms) VALUES ('75ed7c46-7355-4c45-a012-bfce4c2c5f1d', 'maturity');
INSERT INTO public.word_synonyms (word_id, synonyms) VALUES ('75ed7c46-7355-4c45-a012-bfce4c2c5f1d', 'prudence');
INSERT INTO public.word_synonyms (word_id, synonyms) VALUES ('75ed7c46-7355-4c45-a012-bfce4c2c5f1d', 'responsibility');
INSERT INTO public.word_synonyms (word_id, synonyms) VALUES ('75ed7c46-7355-4c45-a012-bfce4c2c5f1d', 'vigilance');
INSERT INTO public.word_synonyms (word_id, synonyms) VALUES ('75ed7c46-7355-4c45-a012-bfce4c2c5f1d', 'wisdom');
INSERT INTO public.word_synonyms (word_id, synonyms) VALUES ('1c53242a-5232-4387-b151-c851f3d9969f', '');
INSERT INTO public.word_synonyms (word_id, synonyms) VALUES ('8288696d-b528-42e4-b838-67581d2e7121', 'clarify');
INSERT INTO public.word_synonyms (word_id, synonyms) VALUES ('8288696d-b528-42e4-b838-67581d2e7121', 'construe');
INSERT INTO public.word_synonyms (word_id, synonyms) VALUES ('8288696d-b528-42e4-b838-67581d2e7121', 'elucidate');
INSERT INTO public.word_synonyms (word_id, synonyms) VALUES ('8288696d-b528-42e4-b838-67581d2e7121', 'explain');
INSERT INTO public.word_synonyms (word_id, synonyms) VALUES ('9938b09a-b46c-4e10-bbda-0127c92350da', 'insolent');
INSERT INTO public.word_synonyms (word_id, synonyms) VALUES ('9938b09a-b46c-4e10-bbda-0127c92350da', 'audacious');
INSERT INTO public.word_synonyms (word_id, synonyms) VALUES ('9938b09a-b46c-4e10-bbda-0127c92350da', 'bold-faced');
INSERT INTO public.word_synonyms (word_id, synonyms) VALUES ('ed61669f-3f4b-4e8f-915e-a791efe85ff1', 'haven');
INSERT INTO public.word_synonyms (word_id, synonyms) VALUES ('ed61669f-3f4b-4e8f-915e-a791efe85ff1', 'refuge');
INSERT INTO public.word_synonyms (word_id, synonyms) VALUES ('ed61669f-3f4b-4e8f-915e-a791efe85ff1', 'sanctuary');
INSERT INTO public.word_synonyms (word_id, synonyms) VALUES ('ed61669f-3f4b-4e8f-915e-a791efe85ff1', 'shelter');
INSERT INTO public.word_synonyms (word_id, synonyms) VALUES ('ed61669f-3f4b-4e8f-915e-a791efe85ff1', 'cover');
INSERT INTO public.word_synonyms (word_id, synonyms) VALUES ('8c0596ec-e800-4865-8541-25a594f8db9f', 'constrain');
INSERT INTO public.word_synonyms (word_id, synonyms) VALUES ('8c0596ec-e800-4865-8541-25a594f8db9f', 'detain');
INSERT INTO public.word_synonyms (word_id, synonyms) VALUES ('8c0596ec-e800-4865-8541-25a594f8db9f', 'hinder');
INSERT INTO public.word_synonyms (word_id, synonyms) VALUES ('8c0596ec-e800-4865-8541-25a594f8db9f', 'imprison');
INSERT INTO public.word_synonyms (word_id, synonyms) VALUES ('8c0596ec-e800-4865-8541-25a594f8db9f', 'incarcerate');
INSERT INTO public.word_synonyms (word_id, synonyms) VALUES ('8c0596ec-e800-4865-8541-25a594f8db9f', 'jail');
INSERT INTO public.word_synonyms (word_id, synonyms) VALUES ('8b4c1639-1213-49ee-ba3f-b81d2fcebe95', 'meddle');
INSERT INTO public.word_synonyms (word_id, synonyms) VALUES ('8b4c1639-1213-49ee-ba3f-b81d2fcebe95', 'monkey with');
INSERT INTO public.word_synonyms (word_id, synonyms) VALUES ('8b4c1639-1213-49ee-ba3f-b81d2fcebe95', 'tinker');
INSERT INTO public.word_synonyms (word_id, synonyms) VALUES ('8b4c1639-1213-49ee-ba3f-b81d2fcebe95', 'change');
INSERT INTO public.word_synonyms (word_id, synonyms) VALUES ('8b4c1639-1213-49ee-ba3f-b81d2fcebe95', 'cook');
INSERT INTO public.word_synonyms (word_id, synonyms) VALUES ('8b4c1639-1213-49ee-ba3f-b81d2fcebe95', 'damage');
INSERT INTO public.word_synonyms (word_id, synonyms) VALUES ('f61d8598-6a3e-4957-a7fa-e9ea17344ab3', 'enticing');
INSERT INTO public.word_synonyms (word_id, synonyms) VALUES ('f61d8598-6a3e-4957-a7fa-e9ea17344ab3', 'appetizing');
INSERT INTO public.word_synonyms (word_id, synonyms) VALUES ('f61d8598-6a3e-4957-a7fa-e9ea17344ab3', 'seductive');
INSERT INTO public.word_synonyms (word_id, synonyms) VALUES ('f61d8598-6a3e-4957-a7fa-e9ea17344ab3', 'charming');
INSERT INTO public.word_synonyms (word_id, synonyms) VALUES ('f61d8598-6a3e-4957-a7fa-e9ea17344ab3', 'fascinating');
INSERT INTO public.word_synonyms (word_id, synonyms) VALUES ('f61d8598-6a3e-4957-a7fa-e9ea17344ab3', 'heavenly');
INSERT INTO public.word_synonyms (word_id, synonyms) VALUES ('1923b62b-38b7-4557-a9d5-4dfa346725f8', 'abandon');
INSERT INTO public.word_synonyms (word_id, synonyms) VALUES ('1923b62b-38b7-4557-a9d5-4dfa346725f8', 'desert');
INSERT INTO public.word_synonyms (word_id, synonyms) VALUES ('1923b62b-38b7-4557-a9d5-4dfa346725f8', 'leave');
INSERT INTO public.word_synonyms (word_id, synonyms) VALUES ('1923b62b-38b7-4557-a9d5-4dfa346725f8', 'quit');
INSERT INTO public.word_synonyms (word_id, synonyms) VALUES ('1923b62b-38b7-4557-a9d5-4dfa346725f8', 'strand');
INSERT INTO public.word_synonyms (word_id, synonyms) VALUES ('a8a53ea3-21f2-44bf-8ef0-8a53a9ba9dc0', 'exploit');
INSERT INTO public.word_synonyms (word_id, synonyms) VALUES ('a8a53ea3-21f2-44bf-8ef0-8a53a9ba9dc0', 'feat');
INSERT INTO public.word_synonyms (word_id, synonyms) VALUES ('a8a53ea3-21f2-44bf-8ef0-8a53a9ba9dc0', 'stunt');
INSERT INTO public.word_synonyms (word_id, synonyms) VALUES ('a8a53ea3-21f2-44bf-8ef0-8a53a9ba9dc0', 'trick');
INSERT INTO public.word_synonyms (word_id, synonyms) VALUES ('04439f1a-7f9b-4bf8-b783-ad4727dded06', 'touching');
INSERT INTO public.word_synonyms (word_id, synonyms) VALUES ('04439f1a-7f9b-4bf8-b783-ad4727dded06', 'impactful');
INSERT INTO public.word_synonyms (word_id, synonyms) VALUES ('04439f1a-7f9b-4bf8-b783-ad4727dded06', 'moving');
INSERT INTO public.word_synonyms (word_id, synonyms) VALUES ('04439f1a-7f9b-4bf8-b783-ad4727dded06', 'stirring');
INSERT INTO public.word_synonyms (word_id, synonyms) VALUES ('04439f1a-7f9b-4bf8-b783-ad4727dded06', 'emotional');
INSERT INTO public.word_synonyms (word_id, synonyms) VALUES ('5db1ee1b-43e0-4b96-bb10-3f130439c6a9', 'echo');
INSERT INTO public.word_synonyms (word_id, synonyms) VALUES ('5db1ee1b-43e0-4b96-bb10-3f130439c6a9', 'reverberate');
INSERT INTO public.word_synonyms (word_id, synonyms) VALUES ('5db1ee1b-43e0-4b96-bb10-3f130439c6a9', 'vibrate');
INSERT INTO public.word_synonyms (word_id, synonyms) VALUES ('5db1ee1b-43e0-4b96-bb10-3f130439c6a9', 'oscillate');
INSERT INTO public.word_synonyms (word_id, synonyms) VALUES ('5db1ee1b-43e0-4b96-bb10-3f130439c6a9', 'ring');
INSERT INTO public.word_synonyms (word_id, synonyms) VALUES ('496ffa5e-55e2-4836-bc92-bd2b86215638', 'admit');
INSERT INTO public.word_synonyms (word_id, synonyms) VALUES ('496ffa5e-55e2-4836-bc92-bd2b86215638', 'blab');
INSERT INTO public.word_synonyms (word_id, synonyms) VALUES ('496ffa5e-55e2-4836-bc92-bd2b86215638', 'communicate');
INSERT INTO public.word_synonyms (word_id, synonyms) VALUES ('496ffa5e-55e2-4836-bc92-bd2b86215638', 'disclose');
INSERT INTO public.word_synonyms (word_id, synonyms) VALUES ('496ffa5e-55e2-4836-bc92-bd2b86215638', 'publish');
INSERT INTO public.word_synonyms (word_id, synonyms) VALUES ('496ffa5e-55e2-4836-bc92-bd2b86215638', 'reveal');
INSERT INTO public.word_synonyms (word_id, synonyms) VALUES ('f1d3a83b-78af-42cb-ac63-dfc34cb737b6', 'disturb');
INSERT INTO public.word_synonyms (word_id, synonyms) VALUES ('f1d3a83b-78af-42cb-ac63-dfc34cb737b6', 'beat');
INSERT INTO public.word_synonyms (word_id, synonyms) VALUES ('f1d3a83b-78af-42cb-ac63-dfc34cb737b6', 'concuss');
INSERT INTO public.word_synonyms (word_id, synonyms) VALUES ('f1d3a83b-78af-42cb-ac63-dfc34cb737b6', 'rouse');
INSERT INTO public.word_synonyms (word_id, synonyms) VALUES ('f1d3a83b-78af-42cb-ac63-dfc34cb737b6', 'stir');
INSERT INTO public.word_synonyms (word_id, synonyms) VALUES ('e22273fb-23ae-4cc6-8327-4bbd29d1fa65', 'cogitate');
INSERT INTO public.word_synonyms (word_id, synonyms) VALUES ('e22273fb-23ae-4cc6-8327-4bbd29d1fa65', 'muse');
INSERT INTO public.word_synonyms (word_id, synonyms) VALUES ('3c953a0c-3e3d-486f-8979-1ff3b0965ce1', 'excess');
INSERT INTO public.word_synonyms (word_id, synonyms) VALUES ('3c953a0c-3e3d-486f-8979-1ff3b0965ce1', 'extra');
INSERT INTO public.word_synonyms (word_id, synonyms) VALUES ('3c953a0c-3e3d-486f-8979-1ff3b0965ce1', 'redundant');
INSERT INTO public.word_synonyms (word_id, synonyms) VALUES ('3c953a0c-3e3d-486f-8979-1ff3b0965ce1', 'spare');
INSERT INTO public.word_synonyms (word_id, synonyms) VALUES ('3552979c-f9fa-473a-83d5-f388a5deadef', 'aboring');
INSERT INTO public.word_synonyms (word_id, synonyms) VALUES ('3552979c-f9fa-473a-83d5-f388a5deadef', 'inceptive');
INSERT INTO public.word_synonyms (word_id, synonyms) VALUES ('3552979c-f9fa-473a-83d5-f388a5deadef', 'nascent');
INSERT INTO public.word_synonyms (word_id, synonyms) VALUES ('26b59c3f-f7b0-4429-bb71-10c6593fce89', 'report');
INSERT INTO public.word_synonyms (word_id, synonyms) VALUES ('26b59c3f-f7b0-4429-bb71-10c6593fce89', 'humor');
INSERT INTO public.word_synonyms (word_id, synonyms) VALUES ('4b6aa1ec-1298-416d-8c1f-cc4813a237b8', 'clamorous');
INSERT INTO public.word_synonyms (word_id, synonyms) VALUES ('4b6aa1ec-1298-416d-8c1f-cc4813a237b8', 'brazen');
INSERT INTO public.word_synonyms (word_id, synonyms) VALUES ('891c3316-8b90-4b16-92ac-ef25a9700323', 'accuse');
INSERT INTO public.word_synonyms (word_id, synonyms) VALUES ('891c3316-8b90-4b16-92ac-ef25a9700323', 'charge');
INSERT INTO public.word_synonyms (word_id, synonyms) VALUES ('891c3316-8b90-4b16-92ac-ef25a9700323', 'impeach');
INSERT INTO public.word_synonyms (word_id, synonyms) VALUES ('891c3316-8b90-4b16-92ac-ef25a9700323', 'incriminate');
INSERT INTO public.word_synonyms (word_id, synonyms) VALUES ('ca523e1d-1c77-4cde-b585-f8f05eaaad38', 'anguish');
INSERT INTO public.word_synonyms (word_id, synonyms) VALUES ('ca523e1d-1c77-4cde-b585-f8f05eaaad38', 'misery');
INSERT INTO public.word_synonyms (word_id, synonyms) VALUES ('ca523e1d-1c77-4cde-b585-f8f05eaaad38', 'torture');
INSERT INTO public.word_synonyms (word_id, synonyms) VALUES ('ca523e1d-1c77-4cde-b585-f8f05eaaad38', 'woe');
INSERT INTO public.word_synonyms (word_id, synonyms) VALUES ('ca523e1d-1c77-4cde-b585-f8f05eaaad38', 'torment');
INSERT INTO public.word_synonyms (word_id, synonyms) VALUES ('ca523e1d-1c77-4cde-b585-f8f05eaaad38', 'passion');
INSERT INTO public.word_synonyms (word_id, synonyms) VALUES ('e3a07a46-4ddf-44d4-a582-26f87eaac9aa', 'authority');
INSERT INTO public.word_synonyms (word_id, synonyms) VALUES ('e3a07a46-4ddf-44d4-a582-26f87eaac9aa', 'control');
INSERT INTO public.word_synonyms (word_id, synonyms) VALUES ('e3a07a46-4ddf-44d4-a582-26f87eaac9aa', 'power');
INSERT INTO public.word_synonyms (word_id, synonyms) VALUES ('8489e353-b834-4461-83e8-88baee167ec4', 'accommodate');
INSERT INTO public.word_synonyms (word_id, synonyms) VALUES ('8489e353-b834-4461-83e8-88baee167ec4', 'conciliate');
INSERT INTO public.word_synonyms (word_id, synonyms) VALUES ('8489e353-b834-4461-83e8-88baee167ec4', 'conform');
INSERT INTO public.word_synonyms (word_id, synonyms) VALUES ('8489e353-b834-4461-83e8-88baee167ec4', 'coordinate');
INSERT INTO public.word_synonyms (word_id, synonyms) VALUES ('4dc02076-1ce8-40ce-8a55-7f4250271bc4', 'ostensible');
INSERT INTO public.word_synonyms (word_id, synonyms) VALUES ('4dc02076-1ce8-40ce-8a55-7f4250271bc4', 'formal');
INSERT INTO public.word_synonyms (word_id, synonyms) VALUES ('4dc02076-1ce8-40ce-8a55-7f4250271bc4', 'named');
INSERT INTO public.word_synonyms (word_id, synonyms) VALUES ('88ef1792-5446-487e-96f6-20406d9c9029', 'bad');
INSERT INTO public.word_synonyms (word_id, synonyms) VALUES ('88ef1792-5446-487e-96f6-20406d9c9029', 'blue');
INSERT INTO public.word_synonyms (word_id, synonyms) VALUES ('88ef1792-5446-487e-96f6-20406d9c9029', 'depressed');
INSERT INTO public.word_synonyms (word_id, synonyms) VALUES ('71747417-ea91-4796-a3aa-e74ac64ace23', 'discredit');
INSERT INTO public.word_synonyms (word_id, synonyms) VALUES ('71747417-ea91-4796-a3aa-e74ac64ace23', 'disgrace');
INSERT INTO public.word_synonyms (word_id, synonyms) VALUES ('71747417-ea91-4796-a3aa-e74ac64ace23', 'shame');
INSERT INTO public.word_synonyms (word_id, synonyms) VALUES ('492e060c-9aa4-4495-9e61-7604396cc3a0', 'goodwill');
INSERT INTO public.word_synonyms (word_id, synonyms) VALUES ('492e060c-9aa4-4495-9e61-7604396cc3a0', 'willingness');
INSERT INTO public.word_synonyms (word_id, synonyms) VALUES ('492e060c-9aa4-4495-9e61-7604396cc3a0', 'gameness');
INSERT INTO public.word_synonyms (word_id, synonyms) VALUES ('fe58474c-bae6-4082-bed0-bd08720be1f2', 'glaze, gild, cover, decorate');
INSERT INTO public.word_synonyms (word_id, synonyms) VALUES ('bda5fb6c-ff7d-415f-82c6-5454fc006a83', 'presupposition');
INSERT INTO public.word_synonyms (word_id, synonyms) VALUES ('bda5fb6c-ff7d-415f-82c6-5454fc006a83', 'assumption');
INSERT INTO public.word_synonyms (word_id, synonyms) VALUES ('bda5fb6c-ff7d-415f-82c6-5454fc006a83', 'given');
INSERT INTO public.word_synonyms (word_id, synonyms) VALUES ('bda5fb6c-ff7d-415f-82c6-5454fc006a83', 'hypothetical');
INSERT INTO public.word_synonyms (word_id, synonyms) VALUES ('bda5fb6c-ff7d-415f-82c6-5454fc006a83', 'postulate');
INSERT INTO public.word_synonyms (word_id, synonyms) VALUES ('25f2a9db-982a-4015-ac0f-27a3bb67048f', 'hamper');
INSERT INTO public.word_synonyms (word_id, synonyms) VALUES ('25f2a9db-982a-4015-ac0f-27a3bb67048f', 'prevent');
INSERT INTO public.word_synonyms (word_id, synonyms) VALUES ('25f2a9db-982a-4015-ac0f-27a3bb67048f', 'check');
INSERT INTO public.word_synonyms (word_id, synonyms) VALUES ('25f2a9db-982a-4015-ac0f-27a3bb67048f', 'after');
INSERT INTO public.word_synonyms (word_id, synonyms) VALUES ('25f2a9db-982a-4015-ac0f-27a3bb67048f', 'impede');
INSERT INTO public.word_synonyms (word_id, synonyms) VALUES ('c8e06366-f076-4778-881f-bec5d3e53127', 'elevate');
INSERT INTO public.word_synonyms (word_id, synonyms) VALUES ('c8e06366-f076-4778-881f-bec5d3e53127', 'intensify');
INSERT INTO public.word_synonyms (word_id, synonyms) VALUES ('c8e06366-f076-4778-881f-bec5d3e53127', 'deify');
INSERT INTO public.word_synonyms (word_id, synonyms) VALUES ('c8e06366-f076-4778-881f-bec5d3e53127', 'dignify');
INSERT INTO public.word_synonyms (word_id, synonyms) VALUES ('c8e06366-f076-4778-881f-bec5d3e53127', 'glorify');
INSERT INTO public.word_synonyms (word_id, synonyms) VALUES ('22e71fef-c4be-49d3-a5a8-ce72d1891f1f', 'deep');
INSERT INTO public.word_synonyms (word_id, synonyms) VALUES ('22e71fef-c4be-49d3-a5a8-ce72d1891f1f', 'concealed');
INSERT INTO public.word_synonyms (word_id, synonyms) VALUES ('22e71fef-c4be-49d3-a5a8-ce72d1891f1f', 'arcane');
INSERT INTO public.word_synonyms (word_id, synonyms) VALUES ('22e71fef-c4be-49d3-a5a8-ce72d1891f1f', 'profound');
INSERT INTO public.word_synonyms (word_id, synonyms) VALUES ('3c645c59-1764-46fc-97b8-39943d6adac9', 'interlace');
INSERT INTO public.word_synonyms (word_id, synonyms) VALUES ('3c645c59-1764-46fc-97b8-39943d6adac9', 'knot');
INSERT INTO public.word_synonyms (word_id, synonyms) VALUES ('3c645c59-1764-46fc-97b8-39943d6adac9', 'tangle');
INSERT INTO public.word_synonyms (word_id, synonyms) VALUES ('3c645c59-1764-46fc-97b8-39943d6adac9', 'intertwist');
INSERT INTO public.word_synonyms (word_id, synonyms) VALUES ('3d81b6f5-9d85-4574-829c-0f1b4437b76b', 'anticipation');
INSERT INTO public.word_synonyms (word_id, synonyms) VALUES ('3d81b6f5-9d85-4574-829c-0f1b4437b76b', 'chance');
INSERT INTO public.word_synonyms (word_id, synonyms) VALUES ('3d81b6f5-9d85-4574-829c-0f1b4437b76b', 'forecast');
INSERT INTO public.word_synonyms (word_id, synonyms) VALUES ('3d81b6f5-9d85-4574-829c-0f1b4437b76b', 'plan');
INSERT INTO public.word_synonyms (word_id, synonyms) VALUES ('3d81b6f5-9d85-4574-829c-0f1b4437b76b', 'promise');
INSERT INTO public.word_synonyms (word_id, synonyms) VALUES ('3d81b6f5-9d85-4574-829c-0f1b4437b76b', 'hope');
INSERT INTO public.word_synonyms (word_id, synonyms) VALUES ('3d81b6f5-9d85-4574-829c-0f1b4437b76b', 'future');
INSERT INTO public.word_synonyms (word_id, synonyms) VALUES ('7b860f3a-4f78-4467-ab84-952cbd41c997', 'act');
INSERT INTO public.word_synonyms (word_id, synonyms) VALUES ('7b860f3a-4f78-4467-ab84-952cbd41c997', 'affect');
INSERT INTO public.word_synonyms (word_id, synonyms) VALUES ('7b860f3a-4f78-4467-ab84-952cbd41c997', 'assume');
INSERT INTO public.word_synonyms (word_id, synonyms) VALUES ('7b860f3a-4f78-4467-ab84-952cbd41c997', 'bluff');
INSERT INTO public.word_synonyms (word_id, synonyms) VALUES ('7b860f3a-4f78-4467-ab84-952cbd41c997', 'counterfeit');
INSERT INTO public.word_synonyms (word_id, synonyms) VALUES ('7b860f3a-4f78-4467-ab84-952cbd41c997', 'devise');
INSERT INTO public.word_synonyms (word_id, synonyms) VALUES ('cc0b16f1-021b-42ac-8835-20c88196c0ad', 'bring');
INSERT INTO public.word_synonyms (word_id, synonyms) VALUES ('cc0b16f1-021b-42ac-8835-20c88196c0ad', 'send');
INSERT INTO public.word_synonyms (word_id, synonyms) VALUES ('cc0b16f1-021b-42ac-8835-20c88196c0ad', 'transfer');
INSERT INTO public.word_synonyms (word_id, synonyms) VALUES ('cc0b16f1-021b-42ac-8835-20c88196c0ad', 'forward');
INSERT INTO public.word_synonyms (word_id, synonyms) VALUES ('365d617b-1558-45b1-adcc-161df52d274f', 'agony');
INSERT INTO public.word_synonyms (word_id, synonyms) VALUES ('365d617b-1558-45b1-adcc-161df52d274f', 'anguish');
INSERT INTO public.word_synonyms (word_id, synonyms) VALUES ('365d617b-1558-45b1-adcc-161df52d274f', 'calamity');
INSERT INTO public.word_synonyms (word_id, synonyms) VALUES ('365d617b-1558-45b1-adcc-161df52d274f', 'difficulty');
INSERT INTO public.word_synonyms (word_id, synonyms) VALUES ('365d617b-1558-45b1-adcc-161df52d274f', 'nightmare');
INSERT INTO public.word_synonyms (word_id, synonyms) VALUES ('365d617b-1558-45b1-adcc-161df52d274f', 'torment');
INSERT INTO public.word_synonyms (word_id, synonyms) VALUES ('02e6f83b-bae0-4916-b15d-7c36f52ad1a0', 'apply');
INSERT INTO public.word_synonyms (word_id, synonyms) VALUES ('02e6f83b-bae0-4916-b15d-7c36f52ad1a0', 'refer');
INSERT INTO public.word_synonyms (word_id, synonyms) VALUES ('02e6f83b-bae0-4916-b15d-7c36f52ad1a0', 'relate');
INSERT INTO public.word_synonyms (word_id, synonyms) VALUES ('02e6f83b-bae0-4916-b15d-7c36f52ad1a0', 'affect');
INSERT INTO public.word_synonyms (word_id, synonyms) VALUES ('02e6f83b-bae0-4916-b15d-7c36f52ad1a0', 'associate');
INSERT INTO public.word_synonyms (word_id, synonyms) VALUES ('987d1f40-2602-43dd-bd70-7b2c637fc09e', 'joint');
INSERT INTO public.word_synonyms (word_id, synonyms) VALUES ('987d1f40-2602-43dd-bd70-7b2c637fc09e', 'connection');
INSERT INTO public.word_synonyms (word_id, synonyms) VALUES ('987d1f40-2602-43dd-bd70-7b2c637fc09e', 'closure');
INSERT INTO public.word_synonyms (word_id, synonyms) VALUES ('987d1f40-2602-43dd-bd70-7b2c637fc09e', 'bond');
INSERT INTO public.word_synonyms (word_id, synonyms) VALUES ('853937c8-a734-4fc7-a3ef-b41114cb700b', 'advantage');
INSERT INTO public.word_synonyms (word_id, synonyms) VALUES ('853937c8-a734-4fc7-a3ef-b41114cb700b', 'weight');
INSERT INTO public.word_synonyms (word_id, synonyms) VALUES ('853937c8-a734-4fc7-a3ef-b41114cb700b', 'rank');
INSERT INTO public.word_synonyms (word_id, synonyms) VALUES ('42d1918a-52e5-4fa2-966f-d64f7a96ce87', 'deteriorate');
INSERT INTO public.word_synonyms (word_id, synonyms) VALUES ('42d1918a-52e5-4fa2-966f-d64f7a96ce87', 'decadent');
INSERT INTO public.word_synonyms (word_id, synonyms) VALUES ('42d1918a-52e5-4fa2-966f-d64f7a96ce87', 'decayed');
INSERT INTO public.word_synonyms (word_id, synonyms) VALUES ('42d1918a-52e5-4fa2-966f-d64f7a96ce87', 'washed-up');
INSERT INTO public.word_synonyms (word_id, synonyms) VALUES ('7662bb8b-95b7-4c19-9ccf-ad3f6089a17e', 'private');
INSERT INTO public.word_synonyms (word_id, synonyms) VALUES ('7662bb8b-95b7-4c19-9ccf-ad3f6089a17e', 'secret');
INSERT INTO public.word_synonyms (word_id, synonyms) VALUES ('7662bb8b-95b7-4c19-9ccf-ad3f6089a17e', 'esoteric');
INSERT INTO public.word_synonyms (word_id, synonyms) VALUES ('7662bb8b-95b7-4c19-9ccf-ad3f6089a17e', 'inside');
INSERT INTO public.word_synonyms (word_id, synonyms) VALUES ('7662bb8b-95b7-4c19-9ccf-ad3f6089a17e', 'nonpublic');
INSERT INTO public.word_synonyms (word_id, synonyms) VALUES ('30dbdfa5-47bf-4ba3-b612-b70edcdca547', 'supplementary');
INSERT INTO public.word_synonyms (word_id, synonyms) VALUES ('30dbdfa5-47bf-4ba3-b612-b70edcdca547', 'accessory');
INSERT INTO public.word_synonyms (word_id, synonyms) VALUES ('30dbdfa5-47bf-4ba3-b612-b70edcdca547', 'ancillary');
INSERT INTO public.word_synonyms (word_id, synonyms) VALUES ('30dbdfa5-47bf-4ba3-b612-b70edcdca547', 'backup');
INSERT INTO public.word_synonyms (word_id, synonyms) VALUES ('30dbdfa5-47bf-4ba3-b612-b70edcdca547', 'auxiliary');
INSERT INTO public.word_synonyms (word_id, synonyms) VALUES ('4545b40a-f38d-462c-993f-c3166f177586', 'apart');
INSERT INTO public.word_synonyms (word_id, synonyms) VALUES ('4545b40a-f38d-462c-993f-c3166f177586', 'piecemeal');
INSERT INTO public.word_synonyms (word_id, synonyms) VALUES ('27167d6a-0e8d-480e-9e92-548b052d79fe', 'curtains');
INSERT INTO public.word_synonyms (word_id, synonyms) VALUES ('27167d6a-0e8d-480e-9e92-548b052d79fe', 'death');
INSERT INTO public.word_synonyms (word_id, synonyms) VALUES ('27167d6a-0e8d-480e-9e92-548b052d79fe', 'dissolution');
INSERT INTO public.word_synonyms (word_id, synonyms) VALUES ('27167d6a-0e8d-480e-9e92-548b052d79fe', 'exit');
INSERT INTO public.word_synonyms (word_id, synonyms) VALUES ('27167d6a-0e8d-480e-9e92-548b052d79fe', 'grave');
INSERT INTO public.word_synonyms (word_id, synonyms) VALUES ('27167d6a-0e8d-480e-9e92-548b052d79fe', 'fate');
INSERT INTO public.word_synonyms (word_id, synonyms) VALUES ('74a52231-0363-4786-a2a9-f9d4e18bcc1e', 'hard-hearted');
INSERT INTO public.word_synonyms (word_id, synonyms) VALUES ('74a52231-0363-4786-a2a9-f9d4e18bcc1e', 'affectless');
INSERT INTO public.word_synonyms (word_id, synonyms) VALUES ('74a52231-0363-4786-a2a9-f9d4e18bcc1e', 'imhuman');
INSERT INTO public.word_synonyms (word_id, synonyms) VALUES ('74a52231-0363-4786-a2a9-f9d4e18bcc1e', 'insensitive');
INSERT INTO public.word_synonyms (word_id, synonyms) VALUES ('6ae6bdf5-6653-48e6-b11d-58bc7bf934bb', 'cheapen');
INSERT INTO public.word_synonyms (word_id, synonyms) VALUES ('6ae6bdf5-6653-48e6-b11d-58bc7bf934bb', 'degrade');
INSERT INTO public.word_synonyms (word_id, synonyms) VALUES ('6ae6bdf5-6653-48e6-b11d-58bc7bf934bb', 'lessen');
INSERT INTO public.word_synonyms (word_id, synonyms) VALUES ('6ae6bdf5-6653-48e6-b11d-58bc7bf934bb', 'subvert');
INSERT INTO public.word_synonyms (word_id, synonyms) VALUES ('0a73a9be-0202-4b09-822e-d8feaaa90787', 'esteemed');
INSERT INTO public.word_synonyms (word_id, synonyms) VALUES ('0a73a9be-0202-4b09-822e-d8feaaa90787', 'grand');
INSERT INTO public.word_synonyms (word_id, synonyms) VALUES ('0a73a9be-0202-4b09-822e-d8feaaa90787', 'revered');
INSERT INTO public.word_synonyms (word_id, synonyms) VALUES ('0a73a9be-0202-4b09-822e-d8feaaa90787', 'stately');
INSERT INTO public.word_synonyms (word_id, synonyms) VALUES ('0a73a9be-0202-4b09-822e-d8feaaa90787', 'admirable');
INSERT INTO public.word_synonyms (word_id, synonyms) VALUES ('ca6cd98d-d8f2-4c33-80e7-3b9084f00600', 'unharmed');
INSERT INTO public.word_synonyms (word_id, synonyms) VALUES ('ca6cd98d-d8f2-4c33-80e7-3b9084f00600', 'unhurt');
INSERT INTO public.word_synonyms (word_id, synonyms) VALUES ('ca6cd98d-d8f2-4c33-80e7-3b9084f00600', 'uninjured');
INSERT INTO public.word_synonyms (word_id, synonyms) VALUES ('3c6b0a51-55be-48e7-bf11-33a45ee0bc88', 'glare');
INSERT INTO public.word_synonyms (word_id, synonyms) VALUES ('3c6b0a51-55be-48e7-bf11-33a45ee0bc88', 'glower');
INSERT INTO public.word_synonyms (word_id, synonyms) VALUES ('3c6b0a51-55be-48e7-bf11-33a45ee0bc88', 'grimace');
INSERT INTO public.word_synonyms (word_id, synonyms) VALUES ('3c6b0a51-55be-48e7-bf11-33a45ee0bc88', 'pout');
INSERT INTO public.word_synonyms (word_id, synonyms) VALUES ('3c6b0a51-55be-48e7-bf11-33a45ee0bc88', 'lower');
INSERT INTO public.word_synonyms (word_id, synonyms) VALUES ('6c613b4a-d6a4-4b6e-aa65-98790347f901', 'choke');
INSERT INTO public.word_synonyms (word_id, synonyms) VALUES ('6c613b4a-d6a4-4b6e-aa65-98790347f901', 'close');
INSERT INTO public.word_synonyms (word_id, synonyms) VALUES ('6c613b4a-d6a4-4b6e-aa65-98790347f901', 'congest');
INSERT INTO public.word_synonyms (word_id, synonyms) VALUES ('6c613b4a-d6a4-4b6e-aa65-98790347f901', 'hinder');
INSERT INTO public.word_synonyms (word_id, synonyms) VALUES ('6c613b4a-d6a4-4b6e-aa65-98790347f901', 'impede');
INSERT INTO public.word_synonyms (word_id, synonyms) VALUES ('bb2efe7b-3b69-4cfb-a9b9-e3b7ba92c85d', 'easy');
INSERT INTO public.word_synonyms (word_id, synonyms) VALUES ('bb2efe7b-3b69-4cfb-a9b9-e3b7ba92c85d', 'exploitable');
INSERT INTO public.word_synonyms (word_id, synonyms) VALUES ('bb2efe7b-3b69-4cfb-a9b9-e3b7ba92c85d', 'susceptible');
INSERT INTO public.word_synonyms (word_id, synonyms) VALUES ('833f82a4-e3f5-47e3-b80e-f27ffc07aaef', 'appropriate');
INSERT INTO public.word_synonyms (word_id, synonyms) VALUES ('833f82a4-e3f5-47e3-b80e-f27ffc07aaef', 'arrogate');
INSERT INTO public.word_synonyms (word_id, synonyms) VALUES ('833f82a4-e3f5-47e3-b80e-f27ffc07aaef', 'pirate');
INSERT INTO public.word_synonyms (word_id, synonyms) VALUES ('833f82a4-e3f5-47e3-b80e-f27ffc07aaef', 'take over');
INSERT INTO public.word_synonyms (word_id, synonyms) VALUES ('4fde5db4-864f-4035-86c0-41fecf525196', 'draw out');
INSERT INTO public.word_synonyms (word_id, synonyms) VALUES ('4fde5db4-864f-4035-86c0-41fecf525196', 'lengthen');
INSERT INTO public.word_synonyms (word_id, synonyms) VALUES ('4fde5db4-864f-4035-86c0-41fecf525196', 'prolong');
INSERT INTO public.word_synonyms (word_id, synonyms) VALUES ('988faa4a-9f5e-4308-b053-75131d130e98', 'abandon');
INSERT INTO public.word_synonyms (word_id, synonyms) VALUES ('988faa4a-9f5e-4308-b053-75131d130e98', 'abdicate');
INSERT INTO public.word_synonyms (word_id, synonyms) VALUES ('988faa4a-9f5e-4308-b053-75131d130e98', 'cede');
INSERT INTO public.word_synonyms (word_id, synonyms) VALUES ('988faa4a-9f5e-4308-b053-75131d130e98', 'drop out');
INSERT INTO public.word_synonyms (word_id, synonyms) VALUES ('988faa4a-9f5e-4308-b053-75131d130e98', 'forgo');
INSERT INTO public.word_synonyms (word_id, synonyms) VALUES ('988faa4a-9f5e-4308-b053-75131d130e98', 'quit');
INSERT INTO public.word_synonyms (word_id, synonyms) VALUES ('988faa4a-9f5e-4308-b053-75131d130e98', 'renounce');
INSERT INTO public.word_synonyms (word_id, synonyms) VALUES ('e5c16ad5-239b-45d3-aa06-a757cbe32280', 'constrained');
INSERT INTO public.word_synonyms (word_id, synonyms) VALUES ('e5c16ad5-239b-45d3-aa06-a757cbe32280', 'enslaved');
INSERT INTO public.word_synonyms (word_id, synonyms) VALUES ('e5c16ad5-239b-45d3-aa06-a757cbe32280', 'obligated');
INSERT INTO public.word_synonyms (word_id, synonyms) VALUES ('e5c16ad5-239b-45d3-aa06-a757cbe32280', 'restrained');
INSERT INTO public.word_synonyms (word_id, synonyms) VALUES ('e5c16ad5-239b-45d3-aa06-a757cbe32280', 'bent');
INSERT INTO public.word_synonyms (word_id, synonyms) VALUES ('e5c16ad5-239b-45d3-aa06-a757cbe32280', 'articled');
INSERT INTO public.word_synonyms (word_id, synonyms) VALUES ('e5c16ad5-239b-45d3-aa06-a757cbe32280', 'compelled');
INSERT INTO public.word_synonyms (word_id, synonyms) VALUES ('e5c16ad5-239b-45d3-aa06-a757cbe32280', 'forced');
INSERT INTO public.word_synonyms (word_id, synonyms) VALUES ('e5c16ad5-239b-45d3-aa06-a757cbe32280', 'fated');
INSERT INTO public.word_synonyms (word_id, synonyms) VALUES ('2c24e3f5-4331-48b9-a673-5ba0ffb76e18', 'bidding');
INSERT INTO public.word_synonyms (word_id, synonyms) VALUES ('2c24e3f5-4331-48b9-a673-5ba0ffb76e18', 'charge');
INSERT INTO public.word_synonyms (word_id, synonyms) VALUES ('2c24e3f5-4331-48b9-a673-5ba0ffb76e18', 'command');
INSERT INTO public.word_synonyms (word_id, synonyms) VALUES ('2c24e3f5-4331-48b9-a673-5ba0ffb76e18', 'demand');
INSERT INTO public.word_synonyms (word_id, synonyms) VALUES ('2c24e3f5-4331-48b9-a673-5ba0ffb76e18', 'dictate');
INSERT INTO public.word_synonyms (word_id, synonyms) VALUES ('75d3b2dd-1a0e-4e25-a31e-da7366ee438d', 'attenuate');
INSERT INTO public.word_synonyms (word_id, synonyms) VALUES ('75d3b2dd-1a0e-4e25-a31e-da7366ee438d', 'cripple');
INSERT INTO public.word_synonyms (word_id, synonyms) VALUES ('75d3b2dd-1a0e-4e25-a31e-da7366ee438d', 'disable');
INSERT INTO public.word_synonyms (word_id, synonyms) VALUES ('75d3b2dd-1a0e-4e25-a31e-da7366ee438d', 'blunt');
INSERT INTO public.word_synonyms (word_id, synonyms) VALUES ('65e88d9b-e1f2-4511-85c2-56777bfa6b84', 'admonition');
INSERT INTO public.word_synonyms (word_id, synonyms) VALUES ('65e88d9b-e1f2-4511-85c2-56777bfa6b84', 'alarm');
INSERT INTO public.word_synonyms (word_id, synonyms) VALUES ('65e88d9b-e1f2-4511-85c2-56777bfa6b84', 'caution');
INSERT INTO public.word_synonyms (word_id, synonyms) VALUES ('65e88d9b-e1f2-4511-85c2-56777bfa6b84', 'sign');
INSERT INTO public.word_synonyms (word_id, synonyms) VALUES ('4c67b28e-6c56-4ff7-9997-a21f09648d21', 'absorb');
INSERT INTO public.word_synonyms (word_id, synonyms) VALUES ('4c67b28e-6c56-4ff7-9997-a21f09648d21', 'maintain');
INSERT INTO public.word_synonyms (word_id, synonyms) VALUES ('4c67b28e-6c56-4ff7-9997-a21f09648d21', 'own');
INSERT INTO public.word_synonyms (word_id, synonyms) VALUES ('4c67b28e-6c56-4ff7-9997-a21f09648d21', 'possess');
INSERT INTO public.word_synonyms (word_id, synonyms) VALUES ('81a659e0-6ab1-4aee-8827-f79b41bb5f39', 'alliance');
INSERT INTO public.word_synonyms (word_id, synonyms) VALUES ('81a659e0-6ab1-4aee-8827-f79b41bb5f39', 'match');
INSERT INTO public.word_synonyms (word_id, synonyms) VALUES ('81a659e0-6ab1-4aee-8827-f79b41bb5f39', 'union');
INSERT INTO public.word_synonyms (word_id, synonyms) VALUES ('5b0bce95-acde-4650-8166-eeb17d1e9da2', 'accommodating');
INSERT INTO public.word_synonyms (word_id, synonyms) VALUES ('5b0bce95-acde-4650-8166-eeb17d1e9da2', 'deferential');
INSERT INTO public.word_synonyms (word_id, synonyms) VALUES ('5b0bce95-acde-4650-8166-eeb17d1e9da2', 'meek');
INSERT INTO public.word_synonyms (word_id, synonyms) VALUES ('5b0bce95-acde-4650-8166-eeb17d1e9da2', 'obedient');
INSERT INTO public.word_synonyms (word_id, synonyms) VALUES ('5b0bce95-acde-4650-8166-eeb17d1e9da2', 'passive');
INSERT INTO public.word_synonyms (word_id, synonyms) VALUES ('6b96acd8-45f8-458b-8dd0-c84c17f8a7a1', 'advertise');
INSERT INTO public.word_synonyms (word_id, synonyms) VALUES ('6b96acd8-45f8-458b-8dd0-c84c17f8a7a1', 'announce');
INSERT INTO public.word_synonyms (word_id, synonyms) VALUES ('6b96acd8-45f8-458b-8dd0-c84c17f8a7a1', 'broadcast');
INSERT INTO public.word_synonyms (word_id, synonyms) VALUES ('6b96acd8-45f8-458b-8dd0-c84c17f8a7a1', 'enunciate');
INSERT INTO public.word_synonyms (word_id, synonyms) VALUES ('86528a08-88b7-4e04-adf9-65aeadfb2c9a', 'authoritarian');
INSERT INTO public.word_synonyms (word_id, synonyms) VALUES ('86528a08-88b7-4e04-adf9-65aeadfb2c9a', 'autocratic');
INSERT INTO public.word_synonyms (word_id, synonyms) VALUES ('86528a08-88b7-4e04-adf9-65aeadfb2c9a', 'despotic');
INSERT INTO public.word_synonyms (word_id, synonyms) VALUES ('86528a08-88b7-4e04-adf9-65aeadfb2c9a', 'tyrannous');
INSERT INTO public.word_synonyms (word_id, synonyms) VALUES ('4017d565-14b5-46f5-9d36-e43d23b458cc', 'amazing');
INSERT INTO public.word_synonyms (word_id, synonyms) VALUES ('4017d565-14b5-46f5-9d36-e43d23b458cc', 'astounding');
INSERT INTO public.word_synonyms (word_id, synonyms) VALUES ('4017d565-14b5-46f5-9d36-e43d23b458cc', 'marvelous');
INSERT INTO public.word_synonyms (word_id, synonyms) VALUES ('4017d565-14b5-46f5-9d36-e43d23b458cc', 'breathtaking');
INSERT INTO public.word_synonyms (word_id, synonyms) VALUES ('c29a9b26-5235-4093-a1f7-821b7735a0ff', 'scratch');
INSERT INTO public.word_synonyms (word_id, synonyms) VALUES ('c29a9b26-5235-4093-a1f7-821b7735a0ff', 'jot');
INSERT INTO public.word_synonyms (word_id, synonyms) VALUES ('c29a9b26-5235-4093-a1f7-821b7735a0ff', 'scrawl');
INSERT INTO public.word_synonyms (word_id, synonyms) VALUES ('c29a9b26-5235-4093-a1f7-821b7735a0ff', 'doddle');
INSERT INTO public.word_synonyms (word_id, synonyms) VALUES ('73d8c390-cff8-4c0a-858a-1c1867a5b0f1', 'atypical');
INSERT INTO public.word_synonyms (word_id, synonyms) VALUES ('73d8c390-cff8-4c0a-858a-1c1867a5b0f1', 'abnormal');
INSERT INTO public.word_synonyms (word_id, synonyms) VALUES ('73d8c390-cff8-4c0a-858a-1c1867a5b0f1', 'odd');
INSERT INTO public.word_synonyms (word_id, synonyms) VALUES ('73d8c390-cff8-4c0a-858a-1c1867a5b0f1', 'peculiar');
INSERT INTO public.word_synonyms (word_id, synonyms) VALUES ('73d8c390-cff8-4c0a-858a-1c1867a5b0f1', 'unique');
INSERT INTO public.word_synonyms (word_id, synonyms) VALUES ('9c6c393d-2ffc-45c7-9e24-3fde1f7ff20b', 'exult');
INSERT INTO public.word_synonyms (word_id, synonyms) VALUES ('9c6c393d-2ffc-45c7-9e24-3fde1f7ff20b', 'revel');
INSERT INTO public.word_synonyms (word_id, synonyms) VALUES ('9c6c393d-2ffc-45c7-9e24-3fde1f7ff20b', 'delight');
INSERT INTO public.word_synonyms (word_id, synonyms) VALUES ('9c6c393d-2ffc-45c7-9e24-3fde1f7ff20b', 'triumph');
INSERT INTO public.word_synonyms (word_id, synonyms) VALUES ('9c6c393d-2ffc-45c7-9e24-3fde1f7ff20b', 'glory');
INSERT INTO public.word_synonyms (word_id, synonyms) VALUES ('26f75a63-940b-49d1-ba91-b05ebaea5b98', 'alarm');
INSERT INTO public.word_synonyms (word_id, synonyms) VALUES ('26f75a63-940b-49d1-ba91-b05ebaea5b98', 'amazement');
INSERT INTO public.word_synonyms (word_id, synonyms) VALUES ('26f75a63-940b-49d1-ba91-b05ebaea5b98', 'anxiety');
INSERT INTO public.word_synonyms (word_id, synonyms) VALUES ('26f75a63-940b-49d1-ba91-b05ebaea5b98', 'awe');
INSERT INTO public.word_synonyms (word_id, synonyms) VALUES ('26f75a63-940b-49d1-ba91-b05ebaea5b98', 'confusion');
INSERT INTO public.word_synonyms (word_id, synonyms) VALUES ('4e862e08-804e-40fb-bed9-7c4f5b0e475e', 'examine');
INSERT INTO public.word_synonyms (word_id, synonyms) VALUES ('4e862e08-804e-40fb-bed9-7c4f5b0e475e', 'grill');
INSERT INTO public.word_synonyms (word_id, synonyms) VALUES ('4e862e08-804e-40fb-bed9-7c4f5b0e475e', 'investigate');
INSERT INTO public.word_synonyms (word_id, synonyms) VALUES ('4e862e08-804e-40fb-bed9-7c4f5b0e475e', 'query');
INSERT INTO public.word_synonyms (word_id, synonyms) VALUES ('34d63f7e-06ce-41a6-925b-f4c9a8d5d26f', 'disagree');
INSERT INTO public.word_synonyms (word_id, synonyms) VALUES ('34d63f7e-06ce-41a6-925b-f4c9a8d5d26f', 'quarrel');
INSERT INTO public.word_synonyms (word_id, synonyms) VALUES ('34d63f7e-06ce-41a6-925b-f4c9a8d5d26f', 'brawl');


-- Completed on 2023-06-25 13:03:48

--
-- PostgreSQL database dump complete
--

